"","genusName","speciesName","updateName","evergreenDeciduous","fruitSize.cm.","seedSize.mm.","droughtTolerance","familyName","typeMonoOrDio","Biome","Elevation","floweringDuration","pollination","seedDispersal","seedPredator","lifeSpanMax","reprodAge","seedDormancy","seedWeights","mastEvent","mastCycle","shadeTolerance","leafLongevity","oilContent","proteinContent","mastCycleAve","fruitSizeAve","seedSizeAve","latbi","seedDispersalDetails"
"1","Abies","amabilis",NA,"Evergreen","8 to 10","10 to 20",NA,"Pinaceae","Monoecious","Temperate","high","10 to 30","wind","abiotic","birds, insects, rodents","590","20 to 30","Y",46.21,"Y","3","tolerant",6,NA,NA,3,9,15,"Abies_amabilis","wind"
"2","Abies","balsamea",NA,"Evergreen","4 to 10","3 to 6","Low","Pinaceae","Monoecious","Temperate","broad",NA,"wind","both","birds, insects, mammals, rodents","200","20 to 30","Y",7.62,"Y","2 to 4","tolerant",4.3,11.7,NA,3,7,4.5,"Abies_balsamea","wind, rodents, mammals"
"3","Abies","concolor",NA,"Evergreen","7 to 12","8 to 12","High","Pinaceae","Monoecious","Temperate","broad",">30","wind","abiotic","birds, insects, rodents","350","40","N",37.05,"Y","6","tolerant",7.7,NA,NA,6,9.5,10,"Abies_concolor","wind"
"4","Abies","fraseri",NA,"Evergreen","3.5 to 6","4 to 5","Low","Pinaceae","Monoecious","Temperate","high",">30","wind","abiotic","birds, insects, rodents","150","15","Y",8.15,"Y","2","tolerant",7.5,NA,NA,2,4.75,4.5,"Abies_fraseri","wind"
"5","Abies","grandis",NA,"Evergreen","5 to 12","5 to 7","High","Pinaceae","Monoecious","Temperate","low to mid","10 to 30","wind","both","birds, insects, mammals, rodents","300","20","Y",28.1,"Y","2 to 3","tolerant",6,NA,NA,2.5,8.5,6,"Abies_grandis","wind, mammals"
"6","Abies","lasiocarpa",NA,"Evergreen","6 to 12","5 to 6","Low","Pinaceae","Monoecious","Temperate","high",NA,"wind","both","birds, insects, mammals, rodents","250","20","Y",11.35,"Y","3","tolerant",6.5,NA,NA,3,9,5.5,"Abies_lasiocarpa","wind, mammals"
"7","Abies","magnifica",NA,"Evergreen","15 to 23","7 to 9","Low","Pinaceae","Monoecious","Temperate","high",">30","wind","abiotic",NA,"600","35 to 45","Y",84,"Y","2 to 6",NA,NA,NA,NA,4,19,8,"Abies_magnifica","wind"
"8","Abies","procera",NA,"Evergreen","11 to 22","7 to 9","Low","Pinaceae","Monoecious","Temperate","high","10 to 30","wind","abiotic","birds, insects, rodents","700","20","N",34.93,"Y","6","intolerant",5,NA,NA,6,16.5,8,"Abies_procera","wind"
"9","Chamaecyparis","lawsoniana",NA,"Evergreen","0.7 to 1","3 to 5","Low","Pinaceae","Monoecious","Temperate","low to mid",NA,"wind","abiotic","rodents","560","5 to 20","Y",3.38,"N","4 to 5","tolerant",NA,24.7,11.9,4.5,0.85,4,"Chamaecyparis_lawsoniana","wind, water"
"10","Chamaecyparis","nootkatensis","Callitropsis nootkatensis","Evergreen","0.8 to 1.4","4 to 5","Low","Pinaceae","Monoecious","Temperate","high","10 to 30","wind","abiotic","insects","700",NA,"Y",4.19,"Y","4","tolerant",NA,NA,NA,4,1.1,4.5,"Callitropsis nootkatensis","wind"
"11","Chamaecyparis","thyoides",NA,"Evergreen","0.4 to 0.9","1.5 to 2","Low","Pinaceae","Monoecious","Temperate","low",NA,"wind","abiotic","insects","1000","3 to 5","Y",3.33,"Y",NA,"intermediate",NA,NA,NA,NA,0.65,1.75,"Chamaecyparis_thyoides","wind, water"
"12","Juniperus","occidentalis",NA,"Evergreen","0.6 to 1","4 to 6","High","Pinaceae","Dioecious","Temperate","mid to high",NA,"wind","biotic","birds, insects, mammals","400",NA,"Y",58.16,"N","2 to 5","intolerant",NA,NA,NA,3.5,0.8,5,"Juniperus_occidentalis","mammals"
"13","Juniperus","scopulorum",NA,"Evergreen","0.5 to 0.9","4 to 6","High","Pinaceae","Dioecious","Temperate","mid to high",NA,"wind","both","birds, insects, mammals","300","10","Y",14.73,"Y","2 to 5",NA,NA,NA,NA,3.5,0.7,5,"Juniperus_scopulorum","gravity, water, birds, mammals"
"14","Juniperus","silicicola","Juniperus virginiana var. silicicola","Evergreen","0.4 to 0.6","3 to 4","High","Pinaceae","Dioecious","Temperate","low",NA,"wind","biotic","birds, mammals",NA,NA,"Y",NA,"Y","2 to 3","intolerant",NA,NA,NA,2.5,0.5,3.5,"Juniperus virginiana var. silicicola","birds"
"15","Juniperus","virginiana",NA,"Evergreen","0.4 to 0.6","4 to 4","High","Pinaceae","Dioecious","Temperate","low to mid","<10","wind","biotic","birds, insects, mammals",NA,"10","Y",15.1,"Y","2 to 3","intolerant",NA,9.7,13.8,2.5,0.5,4,"Juniperus_virginiana","birds, mammals"
"16","Larix","laricina",NA,"Deciduous","1.3 to 1.9","5 to 4","Moderate","Pinaceae","Monoecious","Temperate","low to mid",NA,"wind","both","birds, insects, rodents",NA,"12 to 15","N",1.66,"Y","3 to 6","intolerant",NA,NA,NA,4.5,1.6,4.5,"Larix_laricina","wind, rodents"
"17","Larix","lyallii",NA,"Deciduous","4 to 5",NA,"Moderate","Pinaceae","Monoecious","Temperate","high",NA,"wind","both","birds, insects, rodents","1000","100","Y",3.21,"Y","10","intolerant",NA,NA,NA,10,4.5,NA,"Larix_lyallii","wind, rodents"
"18","Larix","occidentalis",NA,"Deciduous","2.5 to 3.5",NA,"Moderate","Pinaceae","Monoecious","Temperate","mid to high","10 to 30","wind","both","birds, insects, rodents","900","25","Y",3.38,"Y","5","intolerant",NA,NA,NA,5,3,NA,"Larix_occidentalis","wind, rodents"
"19","Libocedrus","decurrens","Calocedrus decurrens","Evergreen","1.4 to 4",NA,"High","Pinaceae","Monoecious","Temperate","mid to high",">30","wind","abiotic","insects","500",NA,"Y",39.81,"Y","3 to 6","tolerant",NA,NA,NA,4.5,2.7,NA,"Calocedrus decurrens","wind"
"20","Picea","breweriana",NA,"Evergreen","8 to 17","5 to 7","High","Pinaceae","Monoecious","Temperate","high",NA,"wind","both","birds, insects, rodents","900","20 to 30","Y",9.73,"Y","2","tolerant",NA,NA,NA,2,12.5,6,"Picea_breweriana","wind, rodents"
"21","Picea","engelmannii",NA,"Evergreen","4 to 6","3",NA,"Pinaceae","Monoecious","Temperate","high",NA,"wind","both","birds, insects, mammals, rodents","600","15 to 40","Y",3.2,"Y","2 to 5","tolerant",NA,NA,NA,3.5,5,3,"Picea_engelmannii","wind, rodents, mammals"
"22","Picea","glauca","Picea laxa","Evergreen","2.5 to 8",NA,"High","Pinaceae","Monoecious","Temperate to boreal","low to mid","<10","wind","both","birds, insects, mammals, rodents","300","30","Y",2.42,"Y","10 to 12",NA,3.5,NA,NA,11,5.25,NA,"Picea laxa","wind, rodents, mammals"
"23","Picea","mariana",NA,"Evergreen","1.5 to 3.5",NA,"Low","Pinaceae","Monoecious","Temperate to boreal","low to mid",NA,"wind","both","birds, insects, rodents","250","10","Y",1.19,"Y","2 to 4",NA,5.5,NA,NA,3,2.5,NA,"Picea_mariana","wind, rodents"
"24","Picea","pungens",NA,"Evergreen","6.4 to 10.2",NA,"Moderate","Pinaceae","Monoecious","Temperate","mid to high",NA,"wind","both","birds, insects, rodents","600","20","N",4.42,"Y","2 to 3","intermediate",4,NA,NA,2.5,8.3,NA,"Picea_pungens","wind, rodents"
"25","Picea","rubens",NA,"Evergreen","3 to 4",NA,"High","Pinaceae","Monoecious","Temperate","mid to high","<10","wind","both","birds, insects, rodents","400","15 to 20","N",3.31,"Y","3 to 8",NA,4,NA,NA,5.5,3.5,NA,"Picea_rubens","wind, rodents"
"26","Picea","sitchensis",NA,"Evergreen","5 to 10",NA,"Low","Pinaceae","Monoecious","Temperate","low to mid",">30","wind","both","birds, insects, rodents","800","20 to 40","Y",2.37,"Y","3 to 8","tolerant",3.8,NA,NA,5.5,7.5,NA,"Picea_sitchensis","wind, rodents"
"27","Pinus","albicaulis",NA,"Evergreen","4 to 8","7 to 11","High","Pinaceae","Monoecious","Temperate","high",NA,"wind","biotic","birds, insects, mammals, rodents","1000","20","Y",136.14,"Y","4","intolerant",NA,NA,NA,4,6,9,"Pinus_albicaulis","birds, mammals"
"28","Pinus","banksiana",NA,"Evergreen","3 to 5.5","4 to 5","High","Pinaceae","Monoecious","Temperate","low to mid",NA,"wind","abiotic","birds, insects, rodents",NA,"5 to 10","N",3.45,NA,NA,"intolerant",3,NA,NA,NA,4.25,4.5,"Pinus_banksiana","fire"
"29","Pinus","clausa",NA,"Evergreen","3 to 8","4 to 6","High","Pinaceae","Monoecious","Subtropical","low",NA,"wind","both","birds, insects, rodents","40-60","5","Y",6.04,"Y",NA,"intolerant",NA,NA,NA,NA,5.5,5,"Pinus_clausa","wind, rodents"
"30","Pinus","contorta",NA,"Evergreen","3 to 7.5","5","High","Pinaceae","Monoecious","Temperate","broad",NA,"wind","both","birds, insects, rodents",NA,NA,"N",4.23,"Y","1 to 3","intolerant",2,NA,NA,2,5.25,5,"Pinus_contorta","wind, rodents"
"31","Pinus","echinata",NA,"Evergreen","4 to 7","6","High","Pinaceae","Monoecious","Temperate","low to mid",NA,"wind","both","birds, insects, mammals, rodents","200","20","Y",29.16,"Y","3 to 10","intolerant",2.5,NA,NA,6.5,5.5,6,"Pinus_echinata","wind, birds, mammals"
"32","Pinus","edulis",NA,"Evergreen","4 to 5","10 to 15","High","Pinaceae","Monoecious","Temperate","mid to high","<10","wind","biotic","birds, insects, rodents","1000","25","Y",245.79,"Y","4 to 7","intolerant",5,NA,NA,5.5,4.5,12.5,"Pinus_edulis","birds, rodents"
"33","Pinus","elliottii",NA,"Evergreen","3 to 4","6 to 7","Low","Pinaceae","Monoecious","Subtropical","low","10 to 30","wind","both","birds, insects, mammals, rodents","200","10 to 15","N",32.45,"Y","3","intolerant",2,NA,NA,3,3.5,6.5,"Pinus_elliottii","wind, mammals"
"34","Pinus","flexilis",NA,"Evergreen","8 to 15","7 to 12","High","Pinaceae","Monoecious","Temperate","high","10 to 30","wind","biotic","birds, insects, mammals, rodents","1000","20 to 40","Y",113.22,"Y","2 to 4","intolerant",2,59.8,25,3,11.5,9.5,"Pinus_flexilis","birds, mammals"
"35","Pinus","glabra",NA,"Evergreen","3.5 to 7","6","Moderate","Pinaceae","Monoecious","Temperate","low",NA,"wind",NA,"birds, insects, rodents","100","10","Y",8.62,NA,NA,"tolerant",2.5,NA,NA,NA,5.25,6,"Pinus_glabra",NA
"36","Pinus","jeffreyi",NA,"Evergreen","12 to 30","13","High","Pinaceae","Monoecious","Temperate","mid to high",NA,"wind","both","birds, insects, rodents","500","8","Y",122.49,"Y","2 to 4","intolerant",2.5,NA,NA,3,21,13,"Pinus_jeffreyi","wind, rodents, birds"
"37","Pinus","lambertiana",NA,"Evergreen","25 to 50","10 to 20",NA,"Pinaceae","Monoecious","Temperate","mid to high","two months","wind","biotic","birds, insects, mammals, rodents","500",NA,"Y",208.51,NA,NA,"intermediate",3,NA,NA,NA,37.5,15,"Pinus_lambertiana","gravity, birds, mammals"
"38","Pinus","monophylla",NA,"Evergreen","3.5 to 5.5","10 to 17","High","Pinaceae","Monoecious","Temperate","mid",NA,"wind","biotic","birds, insects, mammals, rodents","1000","35","N",473.27,"Y","3 to 7","intolerant",7,25.5,9.5,5,4.5,13.5,"Pinus_monophylla","birds, mammals"
"39","Pinus","monticola",NA,"Evergreen","12 to 38","5 to 7","High","Pinaceae","Monoecious","Temperate","mid to high","<10","wind","both","birds, insects, rodents","500","7","Y",20.41,"Y","4","intermediate",2.5,NA,NA,4,25,6,"Pinus_monticola","wind, rodents, birds"
"40","Pinus","nigra",NA,"Evergreen","5 to 10","6 to 8",NA,"Pinaceae","Monoecious","Temperate","low to mid","<10","wind","abiotic","birds, insects, rodents","400","15 to 40","N",17.2,"Y","2 to 5","intolerant",3.152083333,NA,NA,3.5,7.5,7,"Pinus_nigra","wind"
"41","Pinus","palustris",NA,"Evergreen","15 to 20","10","High","Pinaceae","Monoecious","Temperate to subtropical","low",NA,"wind","abiotic","birds, insects, rodents",NA,"30","N",94.42,"Y","4 to 5","intolerant",2.666666667,NA,NA,4.5,17.5,10,"Pinus_palustris","wind"
"42","Pinus","ponderosa",NA,"Evergreen","8 to 15","4 to 5","High","Pinaceae","Monoecious","Temperate","mid to high","10 to 30","wind","biotic","birds, insects, rodents","600","7","Y",41.57,"Y","2 to 5","intolerant",3,NA,NA,3.5,11.5,4.5,"Pinus_ponderosa","gravity, rodents"
"43","Pinus","pungens",NA,"Evergreen","4.2 to 10","6.3","High","Pinaceae","Monoecious","Temperate","mid to high","10 to 30","wind","both","birds, insects, rodents","200","5 to 10","N",13.18,"N",NA,"intolerant",2.5,NA,NA,NA,7.1,6.3,"Pinus_pungens","wind, rodents"
"44","Pinus","radiata",NA,"Evergreen",NA,NA,NA,"Pinaceae","Monoecious","Temperate","low to mid",NA,"wind","both","birds, insects, rodents","100","5 to 10","N",31.84,"N",NA,"intermediate",3,NA,NA,NA,NA,NA,"Pinus_radiata","wind, rodents"
"45","Pinus","resinosa",NA,"Evergreen","3.5 to 6","3 to 5","High","Pinaceae","Monoecious","Temperate","low to mid",NA,"wind","both","birds, insects, rodents","400","15 to 25","Y",8.5,"Y","3 to 7","intolerant",4.5,NA,NA,5,4.75,4,"Pinus_resinosa","wind, rodents"
"46","Pinus","rigida",NA,"Evergreen","3 to 9","4 to 5","High","Pinaceae","Monoecious","Temperate","low to mid","10 to 30","wind","both","birds, insects, rodents","200","3","Y",NA,"Y","4 to 9","intolerant",3,NA,NA,6.5,6,4.5,"Pinus_rigida","wind, rodents"
"47","Pinus","sabiniana",NA,"Evergreen","15 to 30","15 to 25","High","Pinaceae","Monoecious","Temperate","low to mid",NA,"wind","both","birds, insects, rodents",NA,"10 to 25","Y",703.62,"Y","2 to 3","intolerant",2.5,49.4,25,2.5,22.5,20,"Pinus_sabiniana","wind, rodents"
"48","Pinus","serotina",NA,"Evergreen","5 to 8","5 to 6",NA,"Pinaceae","Monoecious","Temperate","low",NA,"wind","both","birds, insects, rodents","100","10","Y",8.75,"Y",NA,"intolerant",2.5,NA,NA,NA,6.5,5.5,"Pinus_serotina","wind, rodents"
"49","Pinus","strobus",NA,"Evergreen","8 to 20","5 to 6","Moderate","Pinaceae","Monoecious","Temperate","low to mid",NA,"wind","both","birds, insects, mammals, rodents","450","5 tp 10","Y",16.56,"Y","3 to 5","intermediate",2,NA,NA,4,14,5.5,"Pinus_strobus","wind, mammals"
"50","Pinus","sylvestris",NA,"Evergreen","3 to 6","4 to 5","High","Pinaceae","Monoecious","Temperate","broad","<10","wind","both","birds, insects, mammals, rodents","1000","5 to 8","N",5.78,"Y","3 to 6","intolerant",2.405333333,NA,NA,4.5,4.5,4.5,"Pinus_sylvestris","wind, mammals"
"51","Pinus","taeda",NA,"Evergreen","6 to 12","5 to 6","High","Pinaceae","Monoecious","Temperate","low to mid",NA,"wind","abiotic","birds, insects, rodents","200","25","Y",26.19,"Y","3 to 6","intolerant",3,17.5,NA,4.5,9,5.5,"Pinus_taeda","wind"
"52","Pinus","virginiana",NA,"Evergreen","4 to 7","4 to 7","High","Pinaceae","Monoecious","Temperate","low to mid",NA,"wind","both","birds, insects, rodents","100","5",NA,8.45,"Y","4","intolerant",3,NA,NA,4,5.5,5.5,"Pinus_virginiana","wind, rodents"
"53","Pseudotsuga","macrocarpa",NA,"Evergreen","10 to 18","9 to 12","High","Pinaceae","Monoecious","Temperate","mid to high","10 to 30","wind","both","birds, insects, rodents","700","40","Y",88.15,"Y",NA,"intolerant",NA,NA,NA,NA,14,10.5,"Pseudotsuga_macrocarpa","gravity, wind, rodents, birds"
"54","Pseudotsuga","menziesii",NA,"Evergreen","6 to 10","9 to 14","High","Pinaceae","Monoecious","Temperate","broad",NA,"wind","both","birds, insects, mammals, rodents","1000","20 to 30","Y",10.88,"Y",NA,"tolerant",3,NA,NA,NA,8,11.5,"Pseudotsuga_menziesii","wind, mammals"
"55","Sequoia","sempervirens",NA,"Evergreen","2 to 3.5","3 to 6","Moderate","Pinaceae","Monoecious","Temperate","low",NA,"wind","abiotic","insects","3000","5 to 15","N",4.67,"Y",NA,"tolerant",NA,NA,NA,NA,2.75,4.5,"Sequoia_sempervirens","wind"
"56","Sequoiadendron","giganteum",NA,"Evergreen","4 to 7","4 to 7","High","Pinaceae","Monoecious","Temperate","mid to high",NA,"wind","both","insects, mammals","3200","20","N",6.16,"Y",NA,"intolerant",NA,NA,NA,NA,5.5,5.5,"Sequoiadendron_giganteum","wind, mammals"
"57","Taxodium","distichum var. distichum",NA,"Evergreen","2.5 to 4","4 to 6",NA,"Taxodiaceae","Monoecious","Temperate","low",NA,"wind","both","birds, insects, mammals",NA,NA,NA,87,"Y","3 to 5","intermediate",NA,NA,NA,4,3.25,5,"Taxodium_distichum var. distichum","wind, mammals"
"58","Taxus","brevifolia",NA,"Evergreen","1","5 to 6",NA,"Pinaceae","Dioecious","Temperate","low to mid",NA,"wind","biotic","birds, mammals, rodents","300",NA,"Y",30.92,"N",NA,"tolerant",5.5,NA,NA,NA,1,5.5,"Taxus_brevifolia","rodents, birds"
"59","Thuja","occidentalis",NA,"Evergreen","0.9 to 1.4","4 to 7",NA,"Pinaceae","Monoecious","Temperate","low to mid",NA,"wind","abiotic","insects","800","6","Y",1.47,"Y","2 to 5","tolerant",NA,NA,NA,3.5,1.15,5.5,"Thuja_occidentalis","wind"
"60","Thuja","plicata",NA,"Evergreen","1 to 1.2","4 to 7.5",NA,"Pinaceae","Monoecious","Temperate","low to mid","10 to 30","wind","abiotic","insects","1000","20 to 30","N",1.4,"Y","3 to 4","tolerant",NA,NA,NA,3.5,1.1,5.75,"Thuja_plicata","wind"
"61","Torreya","taxifolia",NA,"Evergreen","2.5 to 3.5",NA,"Low","Pinaceae","Dioecious","Subtropical","low",NA,"wind","both","insects, rodents",NA,"20","Y",2015.9,"Y","5","tolerant",3,NA,NA,5,3,NA,"Torreya_taxifolia","wind, rodents"
"62","Tsuga","canadensis",NA,"Evergreen","1.5 to 2.5","8 to 12","Moderate","Pinaceae","Monoecious","Temperate","low to mid",NA,"wind","both","birds, insects, rodents","800","20 to 30","Y",2.96,"Y","3 to 4","tolerant",5.15,NA,NA,3.5,2,10,"Tsuga_canadensis","wind, rodents"
"63","Tsuga","heterophylla",NA,"Evergreen","1.5 to 2.5","8 to 15","Low","Pinaceae","Monoecious","Temperate","low to mid",NA,"wind","both","birds, insects, rodents","500","25 to 30","Y",1.97,"Y","2 to 8","tolerant",NA,NA,NA,5,2,11.5,"Tsuga_heterophylla","wind, rodents"
"64","Tsuga","mertensiana",NA,"Evergreen","10 to 18","3 to 5","High","Pinaceae","Monoecious","Temperate","high",NA,"wind","both","birds, insects, rodents","800","20","Y",4.69,NA,NA,"tolerant",4,NA,NA,NA,14,4,"Tsuga_mertensiana","wind, rodents"
"65","Acacia","koa",NA,"Evergreen",NA,NA,"High","Leguminosae",NA,"Tropical","mid to high",">30","animals","abiotic","insects",NA,"2 to 3","Y",90.9,"Y",NA,"intolerant",NA,NA,NA,NA,NA,NA,"Acacia_koa","gravity, wind"
"66","Acer","barbatum","Acer floridanum","Deciduous",NA,NA,"High","Aceraceae","Polygamous","Temperate","low to mid",NA,NA,NA,NA,NA,NA,NA,NA,NA,NA,"tolerant",NA,NA,NA,NA,NA,NA,"Acer floridanum",NA
"67","Acer","macrophyllum",NA,"Deciduous","4 to 7","8 to 12","Low","Aceraceae","Polygamous","Temperate","low to mid","10 to 30","animals","abiotic","rodents","200","10","Y",138.03,"N",NA,"intermediate",NA,NA,NA,NA,5.5,10,"Acer_macrophyllum","wind"
"68","Acer","negundo",NA,"Deciduous","4",NA,"High","Aceraceae","Dioecious","Temperate","low",NA,"wind","abiotic","birds, mammals","100","8 to 10","Y",33.92,"N",NA,NA,NA,28.2,48.8,NA,4,NA,"Acer_negundo","wind"
"69","Acer","nigrum",NA,"Deciduous","3 to 5","7 to 10","Moderate","Aceraceae",NA,"Temperate","low to mid","<10","wind and animals","abiotic","birds","200",NA,"Y",NA,"Y","4","tolerant",NA,NA,NA,4,4,8.5,"Acer_nigrum","wind"
"70","Acer","pensylvanicum",NA,"Deciduous","2.5 to 3","2.7","Low","Aceraceae","Polygamous","Temperate","mid",NA,"wind","abiotic",NA,"100","11","Y",37.3,NA,NA,"tolerant",NA,NA,NA,NA,2.75,2.7,"Acer_pensylvanicum","wind"
"71","Acer","rubrum",NA,"Deciduous","1.2 to 2.5",NA,"Low","Aceraceae","Polygamous","Temperate","broad",">30","wind","abiotic",NA,"150","4","N",23.68,"Y","2","tolerant",NA,3.9,31.8,2,1.85,NA,"Acer_rubrum","wind"
"72","Acer","saccharinum",NA,"Deciduous","3 to 5",NA,"High","Aceraceae","Polygamous","Temperate","low",NA,"wind","abiotic","insects, rodents","100",NA,"N",201.54,NA,NA,"intolerant",NA,NA,NA,NA,4,NA,"Acer_saccharinum","wind"
"73","Acer","saccharum",NA,"Deciduous","2 to 3","7 to 10","Moderate","Aceraceae","Polygamous","Temperate","mid",">30","wind","abiotic",NA,"300","22","Y",55.21,"Y",NA,"tolerant",0.458333333,NA,NA,NA,2.5,8.5,"Acer_saccharum","wind"
"74","Aesculus","glabra",NA,"Deciduous","4 to 5","20 to 35","Moderate","Hippocastanaceae","Polygamous","Temperate","low",NA,NA,"both","mammals, rodents","100","8","Y",6700.5,"Unknown",NA,"tolerant",NA,NA,NA,NA,4.5,27.5,"Aesculus_glabra","gravity, water, mammals"
"75","Aesculus","octandra","Aesculus flava","Deciduous","5 to 8","25 to 35","Moderate","Hippocastanaceae","Polygamous","Temperate","low to mid",NA,NA,"abiotic","no",NA,NA,"Y",12530.91,"Unknown",NA,"tolerant",NA,3.7,16.2,NA,6.5,30,"Aesculus flava","gravity, water"
"76","Ailanthus","altissima",NA,"Deciduous","1 to 5",NA,"High","Simaroubaceae","Dioecious","Temperate","broad",NA,"animals","abiotic","birds","70",NA,"Y",29.25,"N",NA,"intolerant",NA,49.86857143,27.55,NA,3,NA,"Ailanthus_altissima","wind"
"77","Alnus","glutinosa",NA,"Deciduous","1.5 to 2.5","1 to 2","Moderate","Betulaceae","Monoecious","Temperate","low to mid",NA,NA,"abiotic","mammals","160",NA,"N",4.96,"N",NA,"intolerant",NA,11.7,11.1,NA,2,1.5,"Alnus_glutinosa","wind, water"
"78","Alnus","rubra",NA,"Deciduous",NA,NA,"Low","Betulaceae","Monoecious","Temperate","low to mid",NA,NA,"abiotic","no","60",NA,"Y",0.95,"Y",NA,"intolerant",NA,NA,NA,NA,NA,NA,"Alnus_rubra","wind"
"79","Arbutus","menziesii",NA,"Deciduous","0.8 to 2","2 to 3","Moderate","Ericaceae",NA,NA,"low to mid",NA,"animals","biotic","birds, mammals, rodents","400","3","Y",54.88,"N",NA,"intermediate",NA,22.2,15.6,NA,1.4,2.5,"Arbutus_menziesii","gravity, birds, mammals"
"80","Betula","alleghaniensis",NA,"Deciduous","1.5 to 2.5","3 to 4","Low","Betulaceae","Monoecious","Temperate","mid to high","<10","wind","abiotic",NA,"300","40","Y",0.98,"Y","3","intermediate",NA,NA,NA,3,2,3.5,"Betula_alleghaniensis","wind"
"81","Betula","lenta",NA,"Deciduous","1.5 to 4",NA,"Moderate","Betulaceae","Monoecious","Temperate","low to mid",NA,"wind","abiotic",NA,"250","40","N",0.74,"Y","1 to 2","intolerant",NA,NA,NA,1.5,2.75,NA,"Betula_lenta","wind"
"82","Betula","nigra",NA,"Deciduous","2.5 to 7.5","4","Moderate","Betulaceae","Monoecious","Temperate","low",NA,"wind","abiotic","birds",NA,NA,"Y",1.24,"N",NA,"intolerant",NA,NA,NA,NA,5,4,"Betula_nigra","wind, water"
"83","Betula","papyrifera",NA,"Deciduous","2.5 to 7.5","2 to 3","Moderate","Betulaceae","Monoecious","Temperate","broad",NA,"wind","abiotic","birds","140","15","Y",0.32,"N",NA,"intolerant",NA,NA,NA,NA,5,2.5,"Betula_papyrifera","wind"
"84","Calophyllum","calaba",NA,"Evergreen",NA,NA,"High","Calophyllaceae","Polygamous","Tropical","low",NA,NA,"both","birds, mammals",NA,"3","Y",NA,"N",NA,"intermediate",NA,NA,NA,NA,NA,NA,"Calophyllum_calaba","gravity, water, mammals"
"85","Carpinus","caroliniana",NA,"Deciduous",NA,NA,"Moderate","Betulaceae","Monoecious","Temperate to subtropical","low to mid",NA,"wind","both","birds, rodents","150",NA,"Y",25.97,"Y","3 to 5","tolerant",0.641666667,NA,NA,4,NA,NA,"Carpinus_caroliniana","birds, wind"
"86","Carya","aquatica",NA,"Deciduous","4 to 6","30 to 50",NA,"Juglandaceae","Monoecious","Subtropical","low",NA,"wind","both",NA,NA,"20","Y",2771.8,"N",NA,"intermediate",NA,NA,NA,NA,5,40,"Carya_aquatica","water, mammals"
"87","Carya","cordiformis",NA,"Deciduous","3 to 5","25 to 40","Low","Juglandaceae","Monoecious","Temperate to subtropical","low to mid",NA,"wind","abiotic","no","200","30","Y",2797.56,"Y","3 to 5","intolerant",NA,27,NA,4,4,32.5,"Carya_cordiformis","gravity"
"88","Carya","glabra",NA,"Deciduous","2.5 to 7.5",NA,"High","Juglandaceae","Monoecious","Temperate to subtropical","low to mid",NA,"wind","biotic","rodents","300","30","Y",3502.19,"Y","1 to 2","intermediate",NA,NA,NA,1.5,5,NA,"Carya_glabra","gravity, rodents"
"89","Carya","illinoensis","Carya illinoinensis","Deciduous","2.6 to 6","40","High","Juglandaceae","Monoecious","Temperate to subtropical","low",NA,"wind","both","rodents","300","20","Y",NA,"Y","1 to 3","intolerant",NA,NA,NA,2,4.3,40,"Carya illinoinensis","water, mammals"
"90","Carya","laciniosa",NA,"Deciduous","4.5 to 7","50","Low","Juglandaceae","Monoecious","Temperate","low to mid",NA,"wind","biotic","rodents",NA,"40","Y",15141.07,"Y","2","tolerant",NA,NA,NA,2,5.75,50,"Carya_laciniosa","gravity, rodents, birds"
"91","Carya","myristiciformis",NA,"Deciduous","2.5 to 7.62","30","High","Juglandaceae","Monoecious","subtropical","low",NA,"wind","both","rodents",NA,"30","Y",NA,"Y","2 to 3","tolerant",NA,NA,NA,2.5,5.06,30,"Carya_myristiciformis","gravity, water, mammals"
"92","Carya","ovata",NA,"Deciduous","3.8 to 6","30 to 50","Moderate","Juglandaceae","Monoecious","Temperate","low to mid",NA,"wind","biotic","insects","300","40","Y",4401.2,"Y","1 to 3","intermediate",NA,70.2,NA,2,4.9,40,"Carya_ovata","gravity, rodents"
"93","Carya","tomentosa",NA,"Deciduous","2.5 to 9",NA,"Moderate","Juglandaceae","Monoecious","Temperate","low to mid",NA,"wind","biotic","insects","300","25","Y",5559.92,"Y","2 to 3","intolerant",NA,NA,NA,2.5,5.75,NA,"Carya_tomentosa","gravity, rodents, birds"
"94","Castanopsis","chrysophylla",NA,"Evergreen","3 to 5","10",NA,"Fagaceae","Monoecious","Temperate","low to mid",NA,"wind and animals","biotic","insects","500",NA,"N",470.04,"Y","2 to 5","intermediate",NA,NA,NA,3.5,4,10,"Castanopsis_chrysophylla","gravity, rodents, birds"
"95","Cecropia","peltata",NA,"Evergreen","10 to 15","1.9 to 2","Moderate","Moraceae","Dioecious","Tropical","low to mid",NA,NA,"biotic","birds, mammals","30","4","N",0.58,NA,NA,"intolerant",NA,NA,NA,NA,12.5,1.95,"Cecropia_peltata","birds, mammals"
"96","Cedrela","odorata",NA,"Deciduous","2.5 to 4","20 to 25",NA,"Meliaceae","Monoecious","Tropical","low to mid",NA,NA,"abiotic",NA,NA,NA,"N",17.02,"N",NA,"intolerant",0.136666667,21.4,25,NA,3.25,22.5,"Cedrela_odorata","wind"
"97","Celtis","laevigata",NA,"Deciduous","0.6-1.3",NA,"Moderate","Ulmaceae","Polygamous","Temperate","low to mid",NA,NA,"both","birds","150","15",NA,75.71,"N",NA,"tolerant",NA,NA,NA,NA,NA,NA,"Celtis_laevigata","water, birds"
"98","Celtis","occidentalis",NA,"Deciduous","0.6-1.1","6","High","Ulmaceae","Polygamous","Temperate","low to mid",NA,NA,"biotic","birds, mammals","200",NA,"Y",126.44,"N/or maybe",NA,"intermediate",0.458333333,10.4,11.2,NA,NA,6,"Celtis_occidentalis","birds, mammals"
"99","Cercis","canadensis",NA,"Deciduous","5 to 10","6","High","Leguminosae","Monoecious","Temperate","low to mid",NA,"animals","both","insects, mammals","75",NA,"Y",24.6,NA,NA,"tolerant",NA,8.25,25.2,NA,7.5,6,"Cercis_canadensis","wind, mammals"
"100","Cordia","alliodora",NA,"Evergreen","0.5 to 0.7","6",NA,"Boraginaceae","Dioecious","Tropical","low to mid",NA,"wind and animals","abiotic","birds, rodents",NA,"5","Y",30.77,NA,NA,"intolerant",NA,NA,NA,NA,0.6,6,"Cordia_alliodora","wind"
"101","Cornus","florida",NA,"Deciduous","1 to 1.5","7 to 9","Moderate","Cornaceae","Monoecious","Temperate","low to mid",NA,NA,"biotic","birds, mammals","125","6","Y",101.87,"Y",NA,"tolerant",0.466666667,NA,NA,NA,1.25,8,"Cornus_florida","birds, mammals"
"102","Dacryodes","excelsa",NA,"Evergreen","1.9",NA,NA,"Burseraceae","Dioecious","Tropical","low to mid",NA,NA,NA,"birds, mammals","400",NA,"N",0.58,NA,NA,"intermediate",NA,NA,NA,NA,1.9,NA,"Dacryodes_excelsa",NA
"103","Didymopanax","morototoni",NA,"Deciduous","0.4 to 0.9","4.7 to 5",NA,"Araliaceae","Monoecious","Tropical","low to mid",NA,"animals","biotic","birds",NA,"10","Y",14,"N",NA,"intolerant",NA,NA,NA,NA,0.65,4.85,"Didymopanax_morototoni","birds"
"104","Diospyros","virginiana",NA,"Deciduous","2 to 5","13 to 15","High","Ebenaceae","Dioecious","Temperate","low to mid",NA,NA,"biotic","insects","80","4 to 5","Y",364.57,"Y",NA,"tolerant",NA,2.6,10,NA,3.5,14,"Diospyros_virginiana","birds, mammals"
"105","Eucalyptus","globulus",NA,"Evergreen","2 to 2.5","2",NA,"Myrtaceae",NA,"Temperate","low to mid",NA,NA,"abiotic",NA,"400",NA,"N",37.36,"Y","3 to 5","intolerant",NA,NA,NA,4,2.25,2,"Eucalyptus_globulus","wind"
"106","Eucalyptus","grandis",NA,"Evergreen","0.4 to 1","1 to 1.7",NA,"Myrtaceae",NA,"Tropical to subtropical","low",NA,"animals",NA,NA,NA,NA,"N",1.18,"N",NA,"intolerant",NA,NA,NA,NA,0.7,1.35,"Eucalyptus_grandis",NA
"107","Eucalyptus","robusta",NA,"Evergreen","1 to 1.8","1 to 2",NA,"Myrtaceae",NA,"Tropical to subtropical","low",NA,"animals","abiotic",NA,">200",NA,"N",3.15,"N",NA,"intolerant",NA,NA,NA,NA,1.4,1.5,"Eucalyptus_robusta","wind"
"108","Eucalyptus","saligna",NA,"Evergreen","0.4 to 0.9","1.3",NA,"Myrtaceae",NA,"Subtropical","low to mid",NA,"animals","abiotic",NA,"200","3 to 4","N",0.79,NA,NA,"intolerant",NA,NA,NA,NA,0.65,1.3,"Eucalyptus_saligna","wind"
"109","Fagus","grandifolia",NA,"Deciduous","2","10 to 20","Moderate","Fagaceae","Monoecious","Temperate","low to mid",NA,NA,"biotic","birds, rodents","400","40","Y",265.74,"Y","2 to 8","tolerant",NA,NA,NA,5,2,15,"Fagus_grandifolia","rodents, birds"
"110","Fraxinus","americana",NA,"Deciduous","2.5 to 4.4",NA,"Moderate","Oleaceae","Dioecious","Temperate","low to mid",NA,"wind","abiotic","birds","250","20","Y",37.3,"Y",NA,"intolerant",NA,33.4,25.2,NA,3.45,NA,"Fraxinus_americana","wind"
"111","Fraxinus","latifolia",NA,"Deciduous","3 to 5",NA,"Low","Oleaceae","Dioecious","Temperate","low",NA,NA,"abiotic","birds, rodents","250","30","Y",40.96,"Y","3 to 5","intermediate",NA,NA,NA,4,4,NA,"Fraxinus_latifolia","wind"
"112","Fraxinus","nigra",NA,"Deciduous","2.5 to 5",NA,"Low","Oleaceae","Polygamous","Temperate","low to mid",NA,NA,"abiotic","birds, mammals","150",NA,"Y",55.28,"Y",NA,"intolerant",NA,NA,NA,NA,3.75,NA,"Fraxinus_nigra","wind"
"113","Fraxinus","pennsylvanica",NA,"Deciduous","2.5 to 7.5",NA,"High","Oleaceae","Dioecious","Temperate","low to mid",NA,NA,"abiotic","birds, mammals","250",NA,"Y",32.82,NA,NA,"tolerant",NA,NA,NA,NA,5,NA,"Fraxinus_pennsylvanica","wind, water"
"114","Fraxinus","profunda",NA,"Deciduous","5 to 8",NA,"Low","Oleaceae","Dioecious","Temperate","low",NA,NA,"abiotic","birds",NA,"10",NA,142.32,"Unknown",NA,"intermediate",NA,NA,NA,NA,6.5,NA,"Fraxinus_profunda","wind, water"
"115","Gleditsia","triacanthos",NA,"Deciduous","7 to 45","8","High","Leguminosae","Polygamous","Temperate","low to mid",NA,NA,"biotic","mammals","125","10","PY",168.58,"N",NA,"intolerant",NA,2.7275,22.15,NA,26,8,"Gleditsia_triacanthos","animals"
"116","Gordonia","lasianthus",NA,"Evergreen","1.5 to 2","1.5","Low","Theaceae",NA,"Temperate to subtropical","low",NA,"animals","abiotic",NA,"100",NA,NA,3.51,NA,NA,"tolerant",NA,NA,NA,NA,1.75,1.5,"Gordonia_lasianthus","wind"
"117","Grevillea","robusta",NA,"Evergreen","1.5 to 2","10 to 13","Moderate","Proteaceae","Monoecious","Tropical to subtropical","low to mid",NA,NA,"abiotic",NA,"100","10","N",20.1,"N",NA,"intolerant",NA,NA,NA,NA,1.75,11.5,"Grevillea_robusta","wind"
"118","Halesia","carolina",NA,"Deciduous","2.4 to 5","13 to 16","Moderate","Styracaceae","Dioecious","Temperate","low to mid",NA,NA,NA,"rodents","100",NA,"Y",281.52,"N",NA,"tolerant",NA,NA,NA,NA,3.7,14.5,"Halesia_carolina",NA
"119","Ilex","opaca",NA,"Evergreen","0.6 to 1.3",NA,"Moderate","Aquifoliaceae","Dioecious","Temperate","low to mid",NA,"animals","biotic",NA,"100",NA,"Y",17.2,"N",NA,"tolerant",1.5,NA,NA,NA,0.95,NA,"Ilex_opaca","birds, mammals"
"120","Juglans","cinerea",NA,"Deciduous","3 to 6",NA,"Low","Juglandaceae","Monoecious","Temperate","low to mid",NA,NA,"biotic","insects, rodents","100","20","Y",14026.39,"Y","2 to 3","intolerant",NA,NA,NA,2.5,4.5,NA,"Juglans_cinerea","gravity, rodents"
"121","Juglans","nigra",NA,"Deciduous","4 to 7","30 to 40","Low","Juglandaceae","Monoecious","Temperate","low to mid",NA,NA,"both","rodents","250","4","Y",11302.54,"Y",NA,"intolerant",NA,55.8,NA,NA,5.5,35,"Juglans_nigra","gravity, rodents, mammals"
"122","Liquidambar","styraciflua",NA,"Deciduous","2.5 to 3.8","6","Low","Hamamelidaceae","Monoecious","Tropical to subtropical","low to mid",NA,NA,"abiotic","birds, rodents","300","20","Y",5.01,"Y",NA,"intolerant",0.6,NA,NA,NA,3.15,6,"Liquidambar_styraciflua","wind"
"123","Liriodendron","tulipifera",NA,"Deciduous","2.5 to 3.5",NA,"Moderate","Magnoliaceae","Monoecious","Temperate","low to mid",">30","animals","abiotic","birds, rodents","450",NA,"Y",57.18,"N",NA,"intolerant",NA,NA,NA,NA,3,NA,"Liriodendron_tulipifera","wind"
"124","Lithocarpus","densiflorus","Notholithocarpus densiflorus","Evergreen","2 to 3.5",NA,NA,"Fagaceae","Monoecious","Temperate","low to mid",NA,NA,"biotic","birds, mammals, rodents","350",NA,"N",5929.5,"N",NA,"tolerant",NA,NA,NA,NA,2.75,NA,"Notholithocarpus densiflorus","birds, rodents"
"125","Maclura","pomifera",NA,"Deciduous","8 to 15","10","High","Moraceae","Dioecious","Temperate","low to mid",NA,NA,"biotic","no","150","10","Y",31.78,"N",NA,"intolerant",NA,44.5,38.2,NA,11.5,10,"Maclura_pomifera","birds, mammals"
"126","Magnolia","acuminata",NA,"Deciduous","6 to 8","13","Low","Magnoliaceae","Monoecious","Temperate","mid to high","<10","animals","both","birds, rodents","250","30","Y",88.51,"Y","4 to 5","intermediate",NA,NA,NA,4.5,7,13,"Magnolia_acuminata","gravity, wind, water, birds"
"127","Magnolia","fraseri",NA,"Deciduous","6.5 to 12","7 to 10","Low","Magnoliaceae","Monoecious","Temperate","mid to high",NA,NA,"biotic",NA,NA,NA,NA,99.84,"Y","4 to 5","intermediate",NA,NA,NA,4.5,9.25,8.5,"Magnolia_fraseri","mammals, birds"
"128","Magnolia","grandiflora",NA,"Evergreen","7.5 to 15","6 to 13","Moderate","Magnoliaceae","Monoecious","Temperate to subtropical","low",NA,NA,"biotic","mammals","120","10","Y",72.93,"N",NA,"tolerant",2,49.45,8.8,NA,11.25,9.5,"Magnolia_grandiflora","birds, mammals"
"129","Magnolia","virginiana",NA,"Evergreen","3 to 5","6 to 13","Low","Magnoliaceae","Monoecious","Temperate to subtropical","low",">30","animals","both","birds, rodents","130",NA,"Y",62.3,"N",NA,"intermediate",NA,NA,NA,NA,4,9.5,"Magnolia_virginiana","wind, water, birds"
"130","Manilkara","bidentata",NA,"Evergreen","2.5 to 5","9 to 26","Low","Sapotaceae","Monoecious","Tropical","low to mid",NA,NA,"biotic","mammals","400",NA,"Y",1500,"Y","3 to 4","tolerant",1.744281046,NA,NA,3.5,3.75,17.5,"Manilkara_bidentata","birds, mammals"
"131","Melaleuca","quinquenervia",NA,"Evergreen","0.25 to 0.4","0.6 to 1.2","Low","Myrtaceae","Monoecious","Tropical to subtropical","low",NA,"animals","abiotic","birds, rodents",NA,NA,"N",0.26,"N",NA,"intolerant",NA,NA,NA,NA,0.325,0.9,"Melaleuca_quinquenervia","gravity, water"
"132","Metrosideros","polymorpha",NA,"Evergreen","0.3 to 1","0.5 to 4.5",NA,"Myrtaceae",NA,"Tropical","broad",NA,"animals",NA,NA,NA,NA,"N",0.04,"N",NA,"intermediate",NA,NA,NA,NA,0.65,2.5,"Metrosideros_polymorpha",NA
"133","Morus","rubra",NA,"Deciduous","2 to 3",NA,"Moderate","Moraceae","Dioecious","Temperate","low to mid",NA,NA,"biotic","mammals","125","4","Y",1.48,"Y","2 to 3","tolerant",NA,37.6,25.6,2.5,2.5,NA,"Morus_rubra","birds, mammals"
"134","Nyssa","aquatica",NA,"Deciduous","1 to 4",NA,"Low","Cornaceae","Polygamous","Temperate to subtropical","low",NA,"wind","abiotic",NA,NA,"30",NA,694.75,"N",NA,"intolerant",NA,NA,NA,NA,2.5,NA,"Nyssa_aquatica","water"
"135","Nyssa","ogeche",NA,"Deciduous","3 to 4",NA,"Low","Cornaceae","Polygamous","Temperate to subtropical","low",NA,"animals","both","water",NA,"3",NA,337.77,"N",NA,"intolerant",NA,8.15,5.6,NA,3.5,NA,"Nyssa_ogeche","gravity, water, birds, mammals"
"136","Nyssa","sylvatica var. biflora","Nyssa biflora","Deciduous",NA,NA,NA,"Cornaceae","Polygamous","Temperate","low",NA,NA,"biotic","birds",NA,NA,NA,192.44,"N",NA,"tolerant",NA,NA,NA,NA,NA,NA,"Nyssa biflora","gravity, birds, mammals"
"137","Ostrya","virginiana",NA,"Deciduous","1 to 1.8",NA,"High","Betulaceae","Monoecious","Temperate","low to mid",NA,"wind","both","birds","150","25","Y",15.41,NA,NA,"tolerant",NA,NA,NA,NA,1.4,NA,"Ostrya_virginiana","wind, birds"
"138","Oxydendrum","arboreum",NA,"Deciduous","0.5 to 1.3",NA,"Moderate","Ericaceae","Monoecious","Temperate","mid",NA,"animals","abiotic",NA,"200",NA,NA,0.17,NA,NA,"tolerant",NA,NA,NA,NA,0.9,NA,"Oxydendrum_arboreum","wind"
"139","Paulownia","tomentosa",NA,"Deciduous","2.5 to 5.1","1.5 to 3","Moderate","Scrophulariaceae","Monoecious","Temperate","low to mid",NA,NA,"abiotic",NA,"70","8","N",0.23,"N",NA,"intolerant",NA,47.7,28.8,NA,3.8,2.25,"Paulownia_tomentosa","wind"
"140","Persea","borbonia","Tamala borbonia","Evergreen","0.7 to 1","0.5 to 1","Moderate","Lauraceae","Monoecious","Temperate to subtropical","low to mid",NA,"wind and animals","biotic","mammals",NA,NA,"Y",NA,"N",NA,"tolerant",NA,NA,NA,NA,0.85,0.75,"Tamala borbonia","birds, mammals"
"141","Pithecellobium","saman","Samanea saman","Deciduous","10 to 22","8 to 11.5","High","Leguminosae","Monoecious","Tropical","low",NA,"animals","biotic","birds",NA,NA,"N",164.94,NA,NA,"intolerant",NA,NA,NA,NA,16,9.75,"Samanea saman","rodents, birds"
"142","Platanus","occidentalis",NA,"Deciduous","2.5 to 3.5","9","Low","Platanaceae","Monoecious","Temperate","low",NA,NA,"both","birds, rodents","600","25","N",2.85,"Y",NA,"intermediate",NA,6.3,11.6,NA,3,9,"Platanus_occidentalis","wind, water, birds"
"143","Populus","balsamifera",NA,"Deciduous","0.5 to 0.8","2","Low","Salicaceae","Dioecious","Temperate to boreal","mid to high",NA,"wind","abiotic","no","200","8","N",0.24,"N",NA,"intolerant",0.3,NA,NA,NA,0.65,2,"Populus_balsamifera","wind, water"
"144","Populus","deltoides var occidentalis","Populus deltoides subsp. monilifera","Deciduous","0.8 to 1.2","4",NA,"Salicaceae","Dioecious","Temperate","low",NA,"wind","abiotic","no","200","4",NA,0.08,"N",NA,"intolerant",NA,NA,NA,NA,1,4,"Populus deltoides subsp. monilifera","wind, water"
"145","Populus","grandidentata",NA,"Deciduous","0.5 to 0.8","1",NA,"Salicaceae","Dioecious","Temperate","low to mid",NA,"wind","abiotic","no","100","10","N",0.13,"Y","2 to 3","intolerant",NA,NA,NA,2.5,0.65,1,"Populus_grandidentata","wind"
"146","Populus","heterophylla",NA,"Deciduous","0.8 to 1.4",NA,"Low","Salicaceae","Dioecious","Temperate","low",NA,"wind","abiotic","no","100","10","N",3,"N",NA,"intolerant",NA,NA,NA,NA,1.1,NA,"Populus_heterophylla","wind, water"
"147","Populus","tremuloides",NA,"Deciduous","0.5 to 0.7","1 to 2","High","Salicaceae","Dioecious","Temperate to boreal","mid to high",NA,"wind","abiotic","no","200","2","N",0.12,"Y","4 to 5","intolerant",NA,NA,NA,4.5,0.6,1.5,"Populus_tremuloides","wind, water"
"148","Populus","trichocarpa","Populus tristis","Deciduous","0.5 to 0.8","2",NA,"Salicaceae","Dioecious","Temperate","low to mid",NA,NA,"abiotic","no","200","10",NA,NA,"N",NA,"intolerant",NA,NA,NA,NA,0.65,2,"Populus tristis","wind, water"
"149","Prosopis","pallida","Neltuma pallida","Deciduous","7 to 25","4 to 7",NA,"Leguminosae","Monoecious","Tropical","low",NA,"animals","biotic","insects",NA,"3","Y",38.69,NA,NA,"intolerant",NA,NA,NA,NA,16,5.5,"Neltuma pallida","animals"
"150","Prunus","pensylvanica",NA,"Deciduous","0.4 to 0.8","4 to 6","High","Rosaceae","Monoecious","Temperate","mid to high",NA,"animals","biotic",NA,"40",NA,"Y",43.46,"Y","3 to 4","intolerant",NA,NA,NA,3.5,0.6,5,"Prunus_pensylvanica","gravity, birds, mammals"
"151","Prunus","serotina",NA,"Deciduous","0.7 to 1",NA,"Moderate","Rosaceae","Monoecious","Temperate","low to mid",NA,"animals","biotic",NA,"250","10","Y",83.9,"Y","1 to 5","intolerant",0.458333333,NA,NA,3,0.85,NA,"Prunus_serotina","gravity, birds, mammals"
"152","Quercus","alba",NA,"Deciduous","1.2 to 2.5","1.2 to 2.5","Moderate","Fagaceae","Monoecious","Temperate","low to mid",NA,NA,"both","insects, mammals, rodents","500","20","N",2996.81,"Y","4 to 10","intermediate",NA,NA,NA,7,1.85,1.85,"Quercus_alba","gravity, wind, rodents"
"153","Quercus","bicolor",NA,"Deciduous","2 to 3","2 to 3",NA,"Fagaceae","Monoecious","Temperate","low to mid",NA,NA,"both","birds, mammals, rodents","350","20","N",3459.14,"Y","3 to 5","intermediate",NA,NA,NA,4,2.5,2.5,"Quercus_bicolor","gravity, water, rodents"
"154","Quercus","chrysolepis",NA,"Evergreen","2 to 5","2 to 5","High","Fagaceae","Monoecious","Temperate","mid to high",NA,"wind","biotic",NA,"300","15","Y",3220.26,"Y","2 to 4","tolerant",NA,NA,NA,3,3.5,3.5,"Quercus_chrysolepis","mammals, birds"
"155","Quercus","coccinea",NA,"Deciduous","1.3 to 2.5","1.3 to 2.5","Moderate","Fagaceae","Monoecious","Temperate","low to mid",NA,NA,"biotic","insects","200","20","Y",1931.37,"Y","4","intolerant",NA,NA,NA,4,1.9,1.9,"Quercus_coccinea","rodents, birds"
"156","Quercus","douglasii",NA,"Deciduous","2.5 to 4","2.5 to 4","High","Fagaceae","Monoecious","Temperate","low to mid",NA,NA,"biotic","birds, insects, rodents","300",NA,"N",4540.46,"Y","2 to 3","intolerant",NA,NA,NA,2.5,3.25,3.25,"Quercus_douglasii","bird, rodents, mammals"
"157","Quercus","falcata var. falcata",NA,"Deciduous","0.9 to 1.6","0.9 to 1.6",NA,"Fagaceae","Monoecious","Temperate","low",NA,NA,"biotic","rodents","150","25","Y",840.99,NA,NA,"intermediate",NA,NA,NA,NA,1.25,1.25,"Quercus_falcata var. falcata","gravity, rodents"
"158","Quercus","falcata var. pagodifolia",NA,"Deciduous",NA,NA,NA,"Fagaceae","Monoecious","Temperate","low",NA,NA,"biotic","rodents","150","25",NA,783.03,"Y",NA,"intermediate",NA,NA,NA,NA,NA,NA,"Quercus_falcata var. pagodifolia","gravity, rodents"
"159","Quercus","garryana",NA,"Deciduous","2.5 to 3","2.5 to 3","High","Fagaceae","Monoecious","Temperate","low to mid","<10",NA,"biotic","birds, rodents","500",NA,"N",4369.36,"Y",NA,"intermediate",NA,NA,NA,NA,2.75,2.75,"Quercus_garryana","gravity, rodents, birds"
"160","Quercus","kelloggii",NA,"Deciduous","2.5 to 3.5","2.5 to 3.5","High","Fagaceae","Monoecious","Temperate","mid to high",NA,NA,NA,"birds, mammals, rodents","500","30","Y",4779.8,"Y","2 to 3","intolerant",NA,NA,NA,2.5,3,3,"Quercus_kelloggii",NA
"161","Quercus","laevis",NA,"Deciduous","2.5","2.5","High","Fagaceae","Monoecious","Temperate","low",NA,NA,"biotic","mammals, rodents",NA,NA,NA,1149.66,NA,NA,"intolerant",NA,NA,NA,NA,2.5,2.5,"Quercus_laevis","rodents, mammals"
"162","Quercus","laurifolia",NA,"Deciduous","1.3 to 1.6","1.3 to 1.6","Moderate","Fagaceae","Monoecious","Temperate","low",NA,"wind","biotic","rodents","70","15",NA,810.99,"N","3 to 4","tolerant",0.633223684,NA,NA,3.5,1.45,1.45,"Quercus_laurifolia","gravity, rodents"
"163","Quercus","lyrata",NA,"Deciduous","1.3 to 2.5","1.3 to 2.5",NA,"Fagaceae","Monoecious","Temperate","low",NA,NA,"both","rodents","400","25","Y",3243.47,"Y","2 to 3","intermediate",NA,NA,NA,2.5,1.9,1.9,"Quercus_lyrata","water, rodents, birds"
"164","Quercus","macrocarpa",NA,"Deciduous","2.5 to 5","2.5 to 5","High","Fagaceae","Monoecious","Temperate","low to mid",NA,NA,"both","rodents","300","35","Y",6144.8,"Y","3 to 5","intermediate",NA,NA,NA,4,3.75,3.75,"Quercus_macrocarpa","gravity, wind, rodents"
"165","Quercus","michauxii",NA,"Deciduous","1.9 to 3.2","1.9 to 3.2",NA,"Fagaceae","Monoecious","Temperate","low",NA,NA,"biotic","mammals, rodents","200","20",NA,5339.96,"Y",NA,"intolerant",0.685307018,NA,NA,NA,2.55,2.55,"Quercus_michauxii","animals, rodents"
"166","Quercus","muehlenbergii",NA,"Deciduous","1.3 to 2.5","1.3 to 2.5","High","Fagaceae","Monoecious","Temperate","low to mid",NA,NA,"both","birds, rodents","250",NA,NA,1192.16,"Y",NA,"intolerant",NA,NA,NA,NA,1.9,1.9,"Quercus_muehlenbergii","gravity, birds, rodents"
"167","Quercus","nigra",NA,"Deciduous","1 to 1.5","1 to 1.5","Low","Fagaceae","Monoecious","Temperate","low",NA,NA,"both","mammals","50","20","Y",1138.91,"Y",NA,"intolerant",0.718201754,NA,NA,NA,1.25,1.25,"Quercus_nigra","water, mammals"
"168","Quercus","nuttallii","Quercus texana","Deciduous","1.9 to 3.8","1.9 to 3.8",NA,"Fagaceae","Monoecious","Temperate to subtropical","low",NA,"wind","both","rodents",NA,"20","Y",4774.65,"Y","3 to 4","intolerant",NA,NA,NA,3.5,2.85,2.85,"Quercus texana","water, rodents, birds"
"169","Quercus","palustris",NA,"Deciduous","0.9 to 1.6","0.9 to 1.6","Low","Fagaceae","Monoecious","Temperate","low",NA,"wind","biotic","birds, rodents","150","20","Y",1087.15,"Y","3 to 4","intolerant",NA,NA,NA,3.5,1.25,1.25,"Quercus_palustris","rodents, birds"
"170","Quercus","phellos",NA,"Deciduous","1 to 1.5","1 to 1.5","High","Fagaceae","Monoecious","Temperate","low",NA,NA,"both","mammals, rodents","150","20","Y",893.36,"N",NA,"intolerant",NA,NA,NA,NA,1.25,1.25,"Quercus_phellos","water, mammals"
"171","Quercus","prinus","Quercus montana","Deciduous","2.5 to 3.8","2.5 to 3.8","High","Fagaceae","Monoecious","Temperate","mid",NA,"wind",NA,"birds, mammals, rodents","400","20","Y",NA,"Y",NA,"intermediate",NA,NA,NA,NA,3.15,3.15,"Quercus montana",NA
"172","Quercus","rubra",NA,"Deciduous","2 to 3","2 to 3","High","Fagaceae","Monoecious","Temperate","low to mid",NA,NA,"biotic",NA,"400","25","Y",3143.26,"Y","2 to 5","intermediate",NA,NA,NA,3.5,2.5,2.5,"Quercus_rubra","gravity, rodents"
"173","Quercus","shumardii",NA,"Deciduous","1.4 to 3","1.4 to 3","High","Fagaceae","Monoecious","Temperate","low",NA,NA,"biotic","birds, mammals, rodents",NA,"25","Y",4540.46,"Y","2 to 3","intolerant",0.690789474,NA,NA,2.5,2.2,2.2,"Quercus_shumardii","mammals, birds"
"174","Quercus","stellata",NA,"Deciduous","1.3 to 2.5","1.3 to 2.5","High","Fagaceae","Monoecious","Temperate","low to mid",NA,NA,"biotic","birds, mammals, rodents","450","25","N",1194.83,"Y","2 to 3","intolerant",0.657894737,NA,NA,2.5,1.9,1.9,"Quercus_stellata","rodents"
"175","Quercus","velutina",NA,"Deciduous","1.2 to 2.5","1.2 to 2.5","High","Fagaceae","Monoecious","Temperate","low to mid",NA,NA,"both","birds, insects, mammals","200","20","Y",1852.46,"Y","2 to 3","intermediate",NA,NA,NA,2.5,1.85,1.85,"Quercus_velutina","gravity, rodents, birds, mammals"
"176","Quercus","virginiana",NA,"Evergreen","1.2 to 2.5","1.2 to 2.5","Moderate","Fagaceae","Monoecious","Temperate to subtropical","low",NA,NA,"biotic","birds, mammals","300",NA,NA,1238.87,"N",NA,"intermediate",NA,NA,NA,NA,1.85,1.85,"Quercus_virginiana","gravity, mammals"
"177","Robinia","pseudoacacia",NA,"Deciduous","52900/kg",NA,"High","Leguminosae","Monoecious","Temperate","low to mid",NA,"animals",NA,"birds, rodents","100","6","Y",19.25,"Y",NA,"intolerant",NA,10.8,43.2,NA,NA,NA,"Robinia_pseudoacacia",NA
"178","Sabal","palmetto",NA,"Evergreen",NA,NA,"High","Palmae","Monoecious","Tropical to subtropical","low","4-6 weeks","animals","both","insects",NA,NA,"Y",313.95,"N",NA,"tolerant",NA,NA,NA,NA,NA,NA,"Sabal_palmetto","water, mammals"
"179","Salix","nigra",NA,"Deciduous",NA,NA,"Low","Salicaceae","Dioecious","Temperate","low",NA,"wind and animals","abiotic",NA,"100","10","N",0.06,"N",NA,"intolerant",NA,NA,NA,NA,NA,NA,"Salix_nigra","wind, water"
"180","Sassafras","albidum",NA,"Deciduous",NA,NA,"High","Lauraceae","Dioecious","Temperate","low to mid",NA,NA,"both",NA,NA,"10","Y",78.53,"Y","1 to 2","intolerant",NA,NA,NA,1.5,NA,NA,"Sassafras_albidum","water, mammals, birds"
"181","Tabebuia","heterophylla",NA,"Deciduous","70000/kg",NA,"High","Bignoniaceae",NA,"Tropical","low",NA,NA,"abiotic",NA,NA,NA,"N",8.92,NA,NA,"intolerant",NA,NA,NA,NA,NA,NA,"Tabebuia_heterophylla","wind"
"182","Tilia","americana",NA,"Deciduous",NA,NA,"Moderate","Tiliaceae","Monoecious","Temperate","low to mid",NA,"animals","both","rodents","200","15","Y",108.14,"Y",NA,"tolerant",NA,NA,NA,NA,NA,NA,"Tilia_americana","gravity, wind, mammals"
"183","Tilia","heterophylla",NA,"Deciduous",NA,NA,NA,"Tiliaceae",NA,"Temperate","low to mid",NA,"animals","abiotic",NA,NA,NA,"Y",NA,NA,NA,"tolerant",NA,NA,NA,NA,NA,NA,"Tilia_heterophylla","wind"
"184","Ulmus","alata",NA,"Deciduous",NA,NA,"High","Ulmaceae",NA,"Temperate","low to mid",NA,NA,"abiotic","birds, mammals","100",NA,NA,4,NA,NA,"intolerant",NA,NA,NA,NA,NA,NA,"Ulmus_alata","wind, water"
"185","Ulmus","americana",NA,"Deciduous","2","3.5 to 4.5","High","Ulmaceae","Monoecious","Temperate","low",NA,"wind","abiotic","mammals","400","15","N",5.04,"N",NA,"intermediate",NA,25.6,NA,NA,2,4,"Ulmus_americana","wind"
"186","Ulmus","crassifolia",NA,"Deciduous","0.6 to 1.3",NA,"High","Ulmaceae",NA,"Temperate","low to mid",NA,NA,"abiotic","birds","100",NA,"Y",6.27,NA,NA,"intermediate",NA,NA,NA,NA,0.95,NA,"Ulmus_crassifolia","wind"
"187","Ulmus","rubra",NA,"Deciduous","1.2 to 1.8",NA,"High","Ulmaceae","Monoecious","Temperate","low to mid",NA,NA,"abiotic","birds, mammals","200","15","Y",9.98,"Y","2 to 4","tolerant",NA,NA,NA,3,1.5,NA,"Ulmus_rubra","gravity, wind"
"188","Ulmus","serotina",NA,"Deciduous","1 to 1.3",NA,"Moderate","Ulmaceae",NA,"Temperate","low to mid",NA,"wind","abiotic","birds, mammals",NA,NA,"Y",3.01,"Y","2 to 3","tolerant",NA,NA,NA,2.5,1.15,NA,"Ulmus_serotina","gravity, wind"
"189","Ulmus","thomasii",NA,"Deciduous","1 to 1.5",NA,NA,"Ulmaceae",NA,"Temperate","low to mid",NA,"wind","both","birds, mammals, rodents","300","20",NA,60.5,"Y","3 to 4","tolerant",NA,NA,NA,3.5,1.25,NA,"Ulmus_thomasii","wind, water, mammals"
"190","Umbellularia","californica",NA,"Evergreen","1 to 2.5","15","High","Lauraceae","Monoecious","Temperate","low to mid",NA,"animals","both","birds, rodents","200","30 to 40","Y",1801.29,"N",NA,"tolerant",NA,NA,NA,NA,1.75,15,"Umbellularia_californica","gravity, wind, water, mammals"
