"","genusName","speciesName","updateName","evergreenDeciduous","fruitSize.cm.","seedSize.mm.","droughtTolerance","familyName","typeMonoOrDio","Biome","Elevation","floweringDuration","pollination","seedDispersal","seedPredator","lifeSpanMax","reprodAge","seedDormancy","seedWeights","mastEvent","mastCycle","shadeTolerance","leafLongevity","oilContent","proteinContent","mastCycleAve","fruitSizeAve","seedSizeAve","latbi","seedDispersalDetails","m_CV","sppMatch"
"1","Abies","amabilis",NA,"Evergreen","8 to 10","10 to 20",NA,"Pinaceae","Monoecious","Temperate","high","10 to 30","wind","abiotic","birds, insects, rodents","590","20 to 30","Y",46.21,"Y","3","tolerant",6,NA,NA,3,9,15,"Abies_amabilis","abiotic",1.914640013,"Abies_amabilis"
"2","Abies","balsamea",NA,"Evergreen","4 to 10","3 to 6","Low","Pinaceae","Monoecious","Temperate","broad",NA,"wind","both","birds, insects, mammals, rodents","200","20 to 30","Y",7.62,"Y","2 to 4","tolerant",4.3,11.7,NA,3,7,4.5,"Abies_balsamea","both",0.798936828,"Abies_balsamea"
"3","Abies","concolor",NA,"Evergreen","7 to 12","8 to 12","High","Pinaceae","Monoecious","Temperate","broad",">30","wind","abiotic","birds, insects, rodents","350","40","N",37.05,"Y","6","tolerant",7.7,NA,NA,6,9.5,10,"Abies_concolor","abiotic",1.923743311,"Abies_concolor"
"4","Abies","fraseri",NA,"Evergreen","3.5 to 6","4 to 5","Low","Pinaceae","Monoecious","Temperate","high",">30","wind","abiotic","birds, insects, rodents","150","15","Y",8.15,"Y","2","tolerant",7.5,NA,NA,2,4.75,4.5,"Abies_fraseri","abiotic",NA,"Abies_fraseri"
"5","Abies","grandis",NA,"Evergreen","5 to 12","5 to 7","High","Pinaceae","Monoecious","Temperate","low to mid","10 to 30","wind","both","birds, insects, mammals, rodents","300","20","Y",28.1,"Y","2 to 3","tolerant",6,NA,NA,2.5,8.5,6,"Abies_grandis","both",1.44561435,"Abies_grandis"
"6","Abies","lasiocarpa",NA,"Evergreen","6 to 12","5 to 6","Low","Pinaceae","Monoecious","Temperate","high",NA,"wind","both","birds, insects, mammals, rodents","250","20","Y",11.35,"Y","3","tolerant",6.5,NA,NA,3,9,5.5,"Abies_lasiocarpa","both",2.057644696,"Abies_lasiocarpa"
"7","Abies","magnifica",NA,"Evergreen","15 to 23","7 to 9","Low","Pinaceae","Monoecious","Temperate","high",">30","wind","abiotic",NA,"600","35 to 45","Y",84,"Y","2 to 6",NA,NA,NA,NA,4,19,8,"Abies_magnifica","abiotic",NA,"Abies_magnifica"
"8","Abies","procera",NA,"Evergreen","11 to 22","7 to 9","Low","Pinaceae","Monoecious","Temperate","high","10 to 30","wind","abiotic","birds, insects, rodents","700","20","N",34.93,"Y","6","intolerant",5,NA,NA,6,16.5,8,"Abies_procera","abiotic",1.638340859,"Abies_procera"
"9","Chamaecyparis","lawsoniana",NA,"Evergreen","0.7 to 1","3 to 5","Low","Pinaceae","Monoecious","Temperate","low to mid",NA,"wind","abiotic","rodents","560","5 to 20","Y",3.38,"Y","4 to 5","tolerant",NA,24.7,11.9,4.5,0.85,4,"Chamaecyparis_lawsoniana","abiotic",NA,"Chamaecyparis_lawsoniana"
"10","Callitropsis","nootkatensis","Callitropsis nootkatensis","Evergreen","0.8 to 1.4","4 to 5","Low","Pinaceae","Monoecious","Temperate","high","10 to 30","wind","abiotic","insects","700",NA,"Y",4.19,"Y","4","tolerant",NA,NA,NA,4,1.1,4.5,"Callitropsis_nootkatensis","abiotic",NA,"Callitropsis_nootkatensis"
"11","Chamaecyparis","thyoides",NA,"Evergreen","0.4 to 0.9","1.5 to 2","Low","Pinaceae","Monoecious","Temperate","low",NA,"wind","abiotic","insects","1000","3 to 5","Y",3.33,"Y",NA,"intermediate",NA,NA,NA,NA,0.65,1.75,"Chamaecyparis_thyoides","abiotic",NA,"Chamaecyparis_thyoides"
"12","Juniperus","occidentalis",NA,"Evergreen","0.6 to 1","4 to 6","High","Pinaceae","Dioecious","Temperate","mid to high",NA,"wind","biotic","birds, insects, mammals","400",NA,"Y",58.16,"Y","2 to 5","intolerant",NA,NA,NA,3.5,0.8,5,"Juniperus_occidentalis","biotic",NA,"Juniperus_occidentalis"
"13","Juniperus","scopulorum",NA,"Evergreen","0.5 to 0.9","4 to 6","High","Pinaceae","Dioecious","Temperate","mid to high",NA,"wind","both","birds, insects, mammals","300","10","Y",14.73,"Y","2 to 5",NA,NA,NA,NA,3.5,0.7,5,"Juniperus_scopulorum","both",NA,"Juniperus_scopulorum"
"14","Juniperus","virginiana_var._silicicola","Juniperus virginiana var. silicicola","Evergreen","0.4 to 0.6","3 to 4","High","Pinaceae","Dioecious","Temperate","low",NA,"wind","biotic","birds, mammals",NA,NA,"Y",NA,"Y","2 to 3","intolerant",NA,NA,NA,2.5,0.5,3.5,"Juniperus_virginiana_var._silicicola","biotic",NA,"Juniperus_virginiana_var._silicicola"
"15","Juniperus","virginiana",NA,"Evergreen","0.4 to 0.6","4 to 4","High","Pinaceae","Dioecious","Temperate","low to mid","<10","wind","biotic","birds, insects, mammals",NA,"10","Y",15.1,"Y","2 to 3","intolerant",NA,9.7,13.8,2.5,0.5,4,"Juniperus_virginiana","biotic",NA,"Juniperus_virginiana"
"16","Larix","laricina",NA,"Deciduous","1.3 to 1.9","5 to 4","Moderate","Pinaceae","Monoecious","Temperate","low to mid",NA,"wind","both","birds, insects, rodents",NA,"12 to 15","N",1.66,"Y","3 to 6","intolerant",NA,NA,NA,4.5,1.6,4.5,"Larix_laricina","both",NA,"Larix_laricina"
"17","Larix","lyallii",NA,"Deciduous","4 to 5",NA,"Moderate","Pinaceae","Monoecious","Temperate","high",NA,"wind","both","birds, insects, rodents","1000","100","Y",3.21,"Y","10","intolerant",NA,NA,NA,10,4.5,NA,"Larix_lyallii","both",NA,"Larix_lyallii"
"18","Larix","occidentalis",NA,"Deciduous","2.5 to 3.5",NA,"Moderate","Pinaceae","Monoecious","Temperate","mid to high","10 to 30","wind","both","birds, insects, rodents","900","25","Y",3.38,"Y","5","intolerant",NA,NA,NA,5,3,NA,"Larix_occidentalis","both",1.706722169,"Larix_occidentalis"
"19","Calocedrus","decurrens","Calocedrus decurrens","Evergreen","1.4 to 4",NA,"High","Pinaceae","Monoecious","Temperate","mid to high",">30","wind","abiotic","insects","500",NA,"Y",39.81,"Y","3 to 6","tolerant",NA,NA,NA,4.5,2.7,NA,"Calocedrus_decurrens","abiotic",NA,"Calocedrus_decurrens"
"20","Picea","breweriana",NA,"Evergreen","8 to 17","5 to 7","High","Pinaceae","Monoecious","Temperate","high",NA,"wind","both","birds, insects, rodents","900","20 to 30","Y",9.73,"Y","2","tolerant",NA,NA,NA,2,12.5,6,"Picea_breweriana","both",NA,"Picea_breweriana"
"21","Picea","engelmannii",NA,"Evergreen","4 to 6","3",NA,"Pinaceae","Monoecious","Temperate","high",NA,"wind","both","birds, insects, mammals, rodents","600","15 to 40","Y",3.2,"Y","2 to 5","tolerant",NA,NA,NA,3.5,5,3,"Picea_engelmannii","both",1.577116786,"Picea_engelmannii"
"22","Picea","glauca","Picea laxa","Evergreen","2.5 to 8",NA,"High","Pinaceae","Monoecious","Temperate to boreal","low to mid","<10","wind","both","birds, insects, mammals, rodents","300","30","Y",2.42,"Y","10 to 12",NA,3.5,NA,NA,11,5.25,NA,"Picea_glauca","both",NA,"Picea_glauca"
"23","Picea","mariana",NA,"Evergreen","1.5 to 3.5",NA,"Low","Pinaceae","Monoecious","Temperate to boreal","low to mid",NA,"wind","both","birds, insects, rodents","250","10","Y",1.19,"Y","2 to 4",NA,5.5,NA,NA,3,2.5,NA,"Picea_mariana","both",0.815985182,"Picea_mariana"
"24","Picea","pungens",NA,"Evergreen","6.4 to 10.2",NA,"Moderate","Pinaceae","Monoecious","Temperate","mid to high",NA,"wind","both","birds, insects, rodents","600","20","N",4.42,"Y","2 to 3","intermediate",4,NA,NA,2.5,8.3,NA,"Picea_pungens","both",NA,"Picea_pungens"
"25","Picea","rubens",NA,"Evergreen","3 to 4",NA,"High","Pinaceae","Monoecious","Temperate","mid to high","<10","wind","both","birds, insects, rodents","400","15 to 20","N",3.31,"Y","3 to 8",NA,4,NA,NA,5.5,3.5,NA,"Picea_rubens","both",NA,"Picea_rubens"
"26","Picea","sitchensis",NA,"Evergreen","5 to 10",NA,"Low","Pinaceae","Monoecious","Temperate","low to mid",">30","wind","both","birds, insects, rodents","800","20 to 40","Y",2.37,"Y","3 to 8","tolerant",3.8,NA,NA,5.5,7.5,NA,"Picea_sitchensis","both",1.109861729,"Picea_sitchensis"
"27","Pinus","albicaulis",NA,"Evergreen","4 to 8","7 to 11","High","Pinaceae","Monoecious","Temperate","high",NA,"wind","biotic","birds, insects, mammals, rodents","1000","20","Y",136.14,"Y","4","intolerant",NA,NA,NA,4,6,9,"Pinus_albicaulis","biotic",0.997735423,"Pinus_albicaulis"
"28","Pinus","banksiana",NA,"Evergreen","3 to 5.5","4 to 5","High","Pinaceae","Monoecious","Temperate","low to mid",NA,"wind","abiotic","birds, insects, rodents",NA,"5 to 10","N",3.45,NA,NA,"intolerant",3,NA,NA,NA,4.25,4.5,"Pinus_banksiana","abiotic",0.789898447,"Pinus_banksiana"
"29","Pinus","clausa",NA,"Evergreen","3 to 8","4 to 6","High","Pinaceae","Monoecious","Subtropical","low",NA,"wind","both","birds, insects, rodents","40-60","5","Y",6.04,"N",NA,"intolerant",NA,NA,NA,NA,5.5,5,"Pinus_clausa","both",NA,"Pinus_clausa"
"30","Pinus","contorta",NA,"Evergreen","3 to 7.5","5","High","Pinaceae","Monoecious","Temperate","broad",NA,"wind","both","birds, insects, rodents",NA,NA,"N",4.23,"Y","1 to 3","intolerant",2,NA,NA,2,5.25,5,"Pinus_contorta","both",0.838205967,"Pinus_contorta"
"31","Pinus","echinata",NA,"Evergreen","4 to 7","6","High","Pinaceae","Monoecious","Temperate","low to mid",NA,"wind","both","birds, insects, mammals, rodents","200","20","Y",29.16,"Y","3 to 10","intolerant",2.5,NA,NA,6.5,5.5,6,"Pinus_echinata","both",NA,"Pinus_echinata"
"32","Pinus","edulis",NA,"Evergreen","4 to 5","10 to 15","High","Pinaceae","Monoecious","Temperate","mid to high","<10","wind","biotic","birds, insects, rodents","1000","25","Y",245.79,"Y","4 to 7","intolerant",5,NA,NA,5.5,4.5,12.5,"Pinus_edulis","biotic",1.811233623,"Pinus_edulis"
"33","Pinus","elliottii",NA,"Evergreen","3 to 4","6 to 7","Low","Pinaceae","Monoecious","Subtropical","low","10 to 30","wind","both","birds, insects, mammals, rodents","200","10 to 15","N",32.45,"Y","3","intolerant",2,NA,NA,3,3.5,6.5,"Pinus_elliottii","both",NA,"Pinus_elliottii"
"34","Pinus","flexilis",NA,"Evergreen","8 to 15","7 to 12","High","Pinaceae","Monoecious","Temperate","high","10 to 30","wind","biotic","birds, insects, mammals, rodents","1000","20 to 40","Y",113.22,"Y","2 to 4","intolerant",2,59.8,25,3,11.5,9.5,"Pinus_flexilis","biotic",NA,"Pinus_flexilis"
"35","Pinus","glabra",NA,"Evergreen","3.5 to 7","6","Moderate","Pinaceae","Monoecious","Temperate","low",NA,"wind",NA,"birds, insects, rodents","100","10","Y",8.62,"N",NA,"tolerant",2.5,NA,NA,NA,5.25,6,"Pinus_glabra",NA,NA,"Pinus_glabra"
"36","Pinus","jeffreyi",NA,"Evergreen","12 to 30","13","High","Pinaceae","Monoecious","Temperate","mid to high",NA,"wind","both","birds, insects, rodents","500","8","Y",122.49,"Y","2 to 4","intolerant",2.5,NA,NA,3,21,13,"Pinus_jeffreyi","both",NA,"Pinus_jeffreyi"
"37","Pinus","lambertiana",NA,"Evergreen","25 to 50","10 to 20",NA,"Pinaceae","Monoecious","Temperate","mid to high","two months","wind","biotic","birds, insects, mammals, rodents","500",NA,"Y",208.51,NA,NA,"intermediate",3,NA,NA,NA,37.5,15,"Pinus_lambertiana","biotic",1.34281877,"Pinus_lambertiana"
"38","Pinus","monophylla",NA,"Evergreen","3.5 to 5.5","10 to 17","High","Pinaceae","Monoecious","Temperate","mid",NA,"wind","biotic","birds, insects, mammals, rodents","1000","35","N",473.27,"Y","3 to 7","intolerant",7,25.5,9.5,5,4.5,13.5,"Pinus_monophylla","biotic",NA,"Pinus_monophylla"
"39","Pinus","monticola",NA,"Evergreen","12 to 38","5 to 7","High","Pinaceae","Monoecious","Temperate","mid to high","<10","wind","both","birds, insects, rodents","500","7","Y",20.41,"Y","4","intermediate",2.5,NA,NA,4,25,6,"Pinus_monticola","both",1.190658997,"Pinus_monticola"
"40","Pinus","nigra",NA,"Evergreen","5 to 10","6 to 8",NA,"Pinaceae","Monoecious","Temperate","low to mid","<10","wind","abiotic","birds, insects, rodents","400","15 to 40","N",17.2,"Y","2 to 5","intolerant",3.152083333,NA,NA,3.5,7.5,7,"Pinus_nigra","abiotic",NA,"Pinus_nigra"
"41","Pinus","palustris",NA,"Evergreen","15 to 20","10","High","Pinaceae","Monoecious","Temperate to subtropical","low",NA,"wind","abiotic","birds, insects, rodents",NA,"30","N",94.42,"Y","4 to 5","intolerant",2.666666667,NA,NA,4.5,17.5,10,"Pinus_palustris","abiotic",0.714152259,"Pinus_palustris"
"42","Pinus","ponderosa",NA,"Evergreen","8 to 15","4 to 5","High","Pinaceae","Monoecious","Temperate","mid to high","10 to 30","wind","biotic","birds, insects, rodents","600","7","Y",41.57,"Y","2 to 5","intolerant",3,NA,NA,3.5,11.5,4.5,"Pinus_ponderosa","biotic",1.372023848,"Pinus_ponderosa"
"43","Pinus","pungens",NA,"Evergreen","4.2 to 10","6.3","High","Pinaceae","Monoecious","Temperate","mid to high","10 to 30","wind","both","birds, insects, rodents","200","5 to 10","N",13.18,"N",NA,"intolerant",2.5,NA,NA,NA,7.1,6.3,"Pinus_pungens","both",NA,"Pinus_pungens"
"44","Pinus","radiata",NA,"Evergreen",NA,NA,NA,"Pinaceae","Monoecious","Temperate","low to mid",NA,"wind","both","birds, insects, rodents","100","5 to 10","N",31.84,"N",NA,"intermediate",3,NA,NA,NA,NA,NA,"Pinus_radiata","both",NA,"Pinus_radiata"
"45","Pinus","resinosa",NA,"Evergreen","3.5 to 6","3 to 5","High","Pinaceae","Monoecious","Temperate","low to mid",NA,"wind","both","birds, insects, rodents","400","15 to 25","Y",8.5,"Y","3 to 7","intolerant",4.5,NA,NA,5,4.75,4,"Pinus_resinosa","both",0.892325798,"Pinus_resinosa"
"46","Pinus","rigida",NA,"Evergreen","3 to 9","4 to 5","High","Pinaceae","Monoecious","Temperate","low to mid","10 to 30","wind","both","birds, insects, rodents","200","3","Y",NA,"Y","4 to 9","intolerant",3,NA,NA,6.5,6,4.5,"Pinus_rigida","both",NA,"Pinus_rigida"
"47","Pinus","sabiniana",NA,"Evergreen","15 to 30","15 to 25","High","Pinaceae","Monoecious","Temperate","low to mid",NA,"wind","both","birds, insects, rodents",NA,"10 to 25","Y",703.62,"Y","2 to 3","intolerant",2.5,49.4,25,2.5,22.5,20,"Pinus_sabiniana","both",NA,"Pinus_sabiniana"
"48","Pinus","serotina",NA,"Evergreen","5 to 8","5 to 6",NA,"Pinaceae","Monoecious","Temperate","low",NA,"wind","both","birds, insects, rodents","100","10","Y",8.75,"Y",NA,"intolerant",2.5,NA,NA,NA,6.5,5.5,"Pinus_serotina","both",NA,"Pinus_serotina"
"49","Pinus","strobus",NA,"Evergreen","8 to 20","5 to 6","Moderate","Pinaceae","Monoecious","Temperate","low to mid",NA,"wind","both","birds, insects, mammals, rodents","450","5 tp 10","Y",16.56,"Y","3 to 5","intermediate",2,NA,NA,4,14,5.5,"Pinus_strobus","both",NA,"Pinus_strobus"
"50","Pinus","sylvestris",NA,"Evergreen","3 to 6","4 to 5","High","Pinaceae","Monoecious","Temperate","broad","<10","wind","both","birds, insects, mammals, rodents","1000","5 to 8","N",5.78,"Y","3 to 6","intolerant",2.405333333,NA,NA,4.5,4.5,4.5,"Pinus_sylvestris","both",0.943160057,"Pinus_sylvestris"
"51","Pinus","taeda",NA,"Evergreen","6 to 12","5 to 6","High","Pinaceae","Monoecious","Temperate","low to mid",NA,"wind","abiotic","birds, insects, rodents","200","25","Y",26.19,"Y","3 to 6","intolerant",3,17.5,NA,4.5,9,5.5,"Pinus_taeda","abiotic",1.140663746,"Pinus_taeda"
"52","Pinus","virginiana",NA,"Evergreen","4 to 7","4 to 7","High","Pinaceae","Monoecious","Temperate","low to mid",NA,"wind","both","birds, insects, rodents","100","5",NA,8.45,"Y","4","intolerant",3,NA,NA,4,5.5,5.5,"Pinus_virginiana","both",NA,"Pinus_virginiana"
"53","Pseudotsuga","macrocarpa",NA,"Evergreen","10 to 18","9 to 12","High","Pinaceae","Monoecious","Temperate","mid to high","10 to 30","wind","both","birds, insects, rodents","700","40","Y",88.15,"N",NA,"intolerant",NA,NA,NA,NA,14,10.5,"Pseudotsuga_macrocarpa","both",NA,"Pseudotsuga_macrocarpa"
"54","Pseudotsuga","menziesii",NA,"Evergreen","6 to 10","9 to 14","High","Pinaceae","Monoecious","Temperate","broad",NA,"wind","both","birds, insects, mammals, rodents","1000","20 to 30","Y",10.88,"Y",NA,"tolerant",3,NA,NA,NA,8,11.5,"Pseudotsuga_menziesii","both",1.639570568,"Pseudotsuga_menziesii"
"55","Sequoia","sempervirens",NA,"Evergreen","2 to 3.5","3 to 6","Moderate","Pinaceae","Monoecious","Temperate","low",NA,"wind","abiotic","insects","3000","5 to 15","N",4.67,"N",NA,"tolerant",NA,NA,NA,NA,2.75,4.5,"Sequoia_sempervirens","abiotic",NA,"Sequoia_sempervirens"
"56","Sequoiadendron","giganteum",NA,"Evergreen","4 to 7","4 to 7","High","Pinaceae","Monoecious","Temperate","mid to high",NA,"wind","both","insects, mammals","3200","20","N",6.16,"Y",NA,"intolerant",NA,NA,NA,NA,5.5,5.5,"Sequoiadendron_giganteum","both",NA,"Sequoiadendron_giganteum"
"57","Taxodium","distichum var. distichum",NA,"Evergreen","2.5 to 4","4 to 6",NA,"Taxodiaceae","Monoecious","Temperate","low",NA,"wind","both","birds, insects, mammals",NA,NA,NA,87,"Y","3 to 5","intermediate",NA,NA,NA,4,3.25,5,"Taxodium_distichum_var._distichum","both",NA,"Taxodium_distichum"
"58","Taxus","brevifolia",NA,"Evergreen","1","5 to 6",NA,"Pinaceae","Dioecious","Temperate","low to mid",NA,"wind","biotic","birds, mammals, rodents","300",NA,"Y",30.92,"N",NA,"tolerant",5.5,NA,NA,NA,1,5.5,"Taxus_brevifolia","biotic",NA,"Taxus_brevifolia"
"59","Thuja","occidentalis",NA,"Evergreen","0.9 to 1.4","4 to 7",NA,"Pinaceae","Monoecious","Temperate","low to mid",NA,"wind","abiotic","insects","800","6","Y",1.47,"Y","2 to 5","tolerant",NA,NA,NA,3.5,1.15,5.5,"Thuja_occidentalis","abiotic",1.522731149,"Thuja_occidentalis"
"60","Thuja","plicata",NA,"Evergreen","1 to 1.2","4 to 7.5",NA,"Pinaceae","Monoecious","Temperate","low to mid","10 to 30","wind","abiotic","insects","1000","20 to 30","N",1.4,"Y","3 to 4","tolerant",NA,NA,NA,3.5,1.1,5.75,"Thuja_plicata","abiotic",1.344455354,"Thuja_plicata"
"61","Torreya","taxifolia",NA,"Evergreen","2.5 to 3.5",NA,"Low","Pinaceae","Dioecious","Subtropical","low",NA,"wind","both","insects, rodents",NA,"20","Y",2015.9,"Y","5","tolerant",3,NA,NA,5,3,NA,"Torreya_taxifolia","both",NA,"Torreya_taxifolia"
"62","Tsuga","canadensis",NA,"Evergreen","1.5 to 2.5","8 to 12","Moderate","Pinaceae","Monoecious","Temperate","low to mid",NA,"wind","both","birds, insects, rodents","800","20 to 30","Y",2.96,"Y","3 to 4","tolerant",5.15,NA,NA,3.5,2,10,"Tsuga_canadensis","both",NA,"Tsuga_canadensis"
"63","Tsuga","heterophylla",NA,"Evergreen","1.5 to 2.5","8 to 15","Low","Pinaceae","Monoecious","Temperate","low to mid",NA,"wind","both","birds, insects, rodents","500","25 to 30","Y",1.97,"Y","2 to 8","tolerant",NA,NA,NA,5,2,11.5,"Tsuga_heterophylla","both",NA,"Tsuga_heterophylla"
"64","Tsuga","mertensiana",NA,"Evergreen","10 to 18","3 to 5","High","Pinaceae","Monoecious","Temperate","high",NA,"wind","both","birds, insects, rodents","800","20","Y",4.69,NA,NA,"tolerant",4,NA,NA,NA,14,4,"Tsuga_mertensiana","both",1.689270778,"Tsuga_mertensiana"
"65","Acacia","koa",NA,"Evergreen",NA,NA,"High","Leguminosae",NA,"Tropical","mid to high",">30","animals","abiotic","insects",NA,"2 to 3","Y",90.9,"N",NA,"intolerant",NA,NA,NA,NA,NA,NA,"Acacia_koa","abiotic",NA,"Acacia_koa"
"66","Acer","glabrum_var._glabrum","Acer floridanum","Deciduous",NA,NA,"High","Aceraceae","Polygamous","Temperate","low to mid",NA,NA,NA,NA,NA,NA,NA,NA,NA,NA,"tolerant",NA,NA,NA,NA,NA,NA,"Acer_glabrum_var._glabrum",NA,NA,"Acer_saccharum_subsp._saccharum"
"67","Acer","macrophyllum",NA,"Deciduous","4 to 7","8 to 12","Low","Aceraceae","Polygamous","Temperate","low to mid","10 to 30","animals","abiotic","rodents","200","10","Y",138.03,"N",NA,"intermediate",NA,NA,NA,NA,5.5,10,"Acer_macrophyllum","abiotic",NA,"Acer_macrophyllum"
"68","Acer","negundo",NA,"Deciduous","4",NA,"High","Aceraceae","Dioecious","Temperate","low",NA,"wind","abiotic","birds, mammals","100","8 to 10","Y",33.92,"N",NA,NA,NA,28.2,48.8,NA,4,NA,"Acer_negundo","abiotic",NA,"Acer_negundo"
"69","Acer","saccharum_subsp._nigrum",NA,"Deciduous","3 to 5","7 to 10","Moderate","Aceraceae",NA,"Temperate","low to mid","<10","wind and animals","abiotic","birds","200",NA,"Y",NA,"Y","4","tolerant",NA,NA,NA,4,4,8.5,"Acer_saccharum_subsp._nigrum","abiotic",NA,"Acer_saccharum_subsp._nigrum"
"70","Acer","pensylvanicum",NA,"Deciduous","2.5 to 3","2.7","Low","Aceraceae","Polygamous","Temperate","mid",NA,"wind","abiotic",NA,"100","11","Y",37.3,NA,NA,"tolerant",NA,NA,NA,NA,2.75,2.7,"Acer_pensylvanicum","abiotic",NA,"Acer_pensylvanicum"
"71","Acer","rubrum",NA,"Deciduous","1.2 to 2.5",NA,"Low","Aceraceae","Polygamous","Temperate","broad",">30","wind","abiotic",NA,"150","4","N",23.68,"Y","2","tolerant",NA,3.9,31.8,2,1.85,NA,"Acer_rubrum","abiotic",NA,"Acer_rubrum"
"72","Acer","saccharinum",NA,"Deciduous","3 to 5",NA,"High","Aceraceae","Polygamous","Temperate","low",NA,"wind","abiotic","insects, rodents","100",NA,"N",201.54,NA,NA,"intolerant",NA,NA,NA,NA,4,NA,"Acer_saccharinum","abiotic",NA,"Acer_saccharinum"
"73","Acer","saccharum",NA,"Deciduous","2 to 3","7 to 10","Moderate","Aceraceae","Polygamous","Temperate","mid",">30","wind","abiotic",NA,"300","22","Y",55.21,"Y",NA,"tolerant",0.458333333,NA,NA,NA,2.5,8.5,"Acer_saccharum","abiotic",1.138658638,"Acer_saccharum"
"74","Aesculus","glabra",NA,"Deciduous","4 to 5","20 to 35","Moderate","Hippocastanaceae","Polygamous","Temperate","low",NA,NA,"both","mammals, rodents","100","8","Y",6700.5,NA,NA,"tolerant",NA,NA,NA,NA,4.5,27.5,"Aesculus_glabra","both",NA,"Aesculus_glabra"
"75","Aesculus","flava","Aesculus flava","Deciduous","5 to 8","25 to 35","Moderate","Hippocastanaceae","Polygamous","Temperate","low to mid",NA,NA,"abiotic","no",NA,NA,"Y",12530.91,NA,NA,"tolerant",NA,3.7,16.2,NA,6.5,30,"Aesculus_flava","abiotic",NA,"Aesculus_flava"
"76","Ailanthus","altissima",NA,"Deciduous","1 to 5",NA,"High","Simaroubaceae","Dioecious","Temperate","broad",NA,"animals","abiotic","birds","70",NA,"Y",29.25,"N",NA,"intolerant",NA,49.86857143,27.55,NA,3,NA,"Ailanthus_altissima","abiotic",NA,"Ailanthus_altissima"
"77","Alnus","glutinosa",NA,"Deciduous","1.5 to 2.5","1 to 2","Moderate","Betulaceae","Monoecious","Temperate","low to mid",NA,NA,"abiotic","mammals","160",NA,"N",4.96,"N",NA,"intolerant",NA,11.7,11.1,NA,2,1.5,"Alnus_glutinosa","abiotic",1.097142887,"Alnus_glutinosa"
"78","Alnus","rubra",NA,"Deciduous",NA,NA,"Low","Betulaceae","Monoecious","Temperate","low to mid",NA,NA,"abiotic","no","60",NA,"Y",0.95,"N",NA,"intolerant",NA,NA,NA,NA,NA,NA,"Alnus_rubra","abiotic",NA,"Alnus_rubra"
"79","Arbutus","menziesii",NA,"Deciduous","0.8 to 2","2 to 3","Moderate","Ericaceae",NA,NA,"low to mid",NA,"animals","biotic","birds, mammals, rodents","400","3","Y",54.88,"N",NA,"intermediate",NA,22.2,15.6,NA,1.4,2.5,"Arbutus_menziesii","biotic",NA,"Arbutus_menziesii"
"80","Betula","alleghaniensis",NA,"Deciduous","1.5 to 2.5","3 to 4","Low","Betulaceae","Monoecious","Temperate","mid to high","<10","wind","abiotic",NA,"300","40","Y",0.98,"Y","3","intermediate",NA,NA,NA,3,2,3.5,"Betula_alleghaniensis","abiotic",1.414195042,"Betula_alleghaniensis"
"81","Betula","lenta",NA,"Deciduous","1.5 to 4",NA,"Moderate","Betulaceae","Monoecious","Temperate","low to mid",NA,"wind","abiotic",NA,"250","40","N",0.74,"Y","1 to 2","intolerant",NA,NA,NA,1.5,2.75,NA,"Betula_lenta","abiotic",NA,"Betula_lenta"
"82","Betula","nigra",NA,"Deciduous","2.5 to 7.5","4","Moderate","Betulaceae","Monoecious","Temperate","low",NA,"wind","abiotic","birds",NA,NA,"Y",1.24,"N",NA,"intolerant",NA,NA,NA,NA,5,4,"Betula_nigra","abiotic",NA,"Betula_nigra"
"83","Betula","papyrifera",NA,"Deciduous","2.5 to 7.5","2 to 3","Moderate","Betulaceae","Monoecious","Temperate","broad",NA,"wind","abiotic","birds","140","15","Y",0.32,"N",NA,"intolerant",NA,NA,NA,NA,5,2.5,"Betula_papyrifera","abiotic",0.973691066,"Betula_papyrifera"
"84","Calophyllum","calaba",NA,"Evergreen",NA,NA,"High","Calophyllaceae","Polygamous","Tropical","low",NA,NA,"both","birds, mammals",NA,"3","Y",NA,"N",NA,"intermediate",NA,NA,NA,NA,NA,NA,"Calophyllum_calaba","both",NA,"Calophyllum_calaba_var._bracteatum"
"85","Carpinus","caroliniana",NA,"Deciduous",NA,NA,"Moderate","Betulaceae","Monoecious","Temperate to subtropical","low to mid",NA,"wind","both","birds, rodents","150",NA,"Y",25.97,"Y","3 to 5","tolerant",0.641666667,NA,NA,4,NA,NA,"Carpinus_caroliniana","both",NA,"Carpinus_caroliniana"
"86","Carya","aquatica",NA,"Deciduous","4 to 6","30 to 50",NA,"Juglandaceae","Monoecious","Subtropical","low",NA,"wind","both",NA,NA,"20","Y",2771.8,"N",NA,"intermediate",NA,NA,NA,NA,5,40,"Carya_aquatica","both",NA,"Carya_aquatica"
"87","Carya","cordiformis",NA,"Deciduous","3 to 5","25 to 40","Low","Juglandaceae","Monoecious","Temperate to subtropical","low to mid",NA,"wind","abiotic","no","200","30","Y",2797.56,"Y","3 to 5","intolerant",NA,27,NA,4,4,32.5,"Carya_cordiformis","abiotic",NA,"Carya_cordiformis"
"88","Carya","glabra",NA,"Deciduous","2.5 to 7.5",NA,"High","Juglandaceae","Monoecious","Temperate to subtropical","low to mid",NA,"wind","biotic","rodents","300","30","Y",3502.19,"Y","1 to 2","intermediate",NA,NA,NA,1.5,5,NA,"Carya_glabra","biotic",0.836795154,"Carya_glabra"
"89","Carya","illinoinensis","Carya illinoinensis","Deciduous","2.6 to 6","40","High","Juglandaceae","Monoecious","Temperate to subtropical","low",NA,"wind","both","rodents","300","20","Y",NA,"Y","1 to 3","intolerant",NA,NA,NA,2,4.3,40,"Carya_illinoinensis","both",NA,"Carya_illinoinensis"
"90","Carya","laciniosa",NA,"Deciduous","4.5 to 7","50","Low","Juglandaceae","Monoecious","Temperate","low to mid",NA,"wind","biotic","rodents",NA,"40","Y",15141.07,"Y","2","tolerant",NA,NA,NA,2,5.75,50,"Carya_laciniosa","biotic",NA,"Carya_laciniosa"
"91","Carya","myristiciformis",NA,"Deciduous","2.5 to 7.62","30","High","Juglandaceae","Monoecious","subtropical","low",NA,"wind","both","rodents",NA,"30","Y",NA,"Y","2 to 3","tolerant",NA,NA,NA,2.5,5.06,30,"Carya_myristiciformis","both",NA,"Carya_myristiciformis"
"92","Carya","ovata",NA,"Deciduous","3.8 to 6","30 to 50","Moderate","Juglandaceae","Monoecious","Temperate","low to mid",NA,"wind","biotic","insects","300","40","Y",4401.2,"Y","1 to 3","intermediate",NA,70.2,NA,2,4.9,40,"Carya_ovata","biotic",1.265727589,"Carya_ovata"
"93","Carya","tomentosa",NA,"Deciduous","2.5 to 9",NA,"Moderate","Juglandaceae","Monoecious","Temperate","low to mid",NA,"wind","biotic","insects","300","25","Y",5559.92,"Y","2 to 3","intolerant",NA,NA,NA,2.5,5.75,NA,"Carya_tomentosa","biotic",0.781899878,"Carya_tomentosa"
"94","Chrysolepis","chrysophylla",NA,"Evergreen","3 to 5","10",NA,"Fagaceae","Monoecious","Temperate","low to mid",NA,"wind and animals","biotic","insects","500",NA,"N",470.04,"Y","2 to 5","intermediate",NA,NA,NA,3.5,4,10,"Chrysolepis_chrysophylla","biotic",NA,"Chrysolepis_chrysophylla"
"95","Cecropia","peltata",NA,"Evergreen","10 to 15","1.9 to 2","Moderate","Moraceae","Dioecious","Tropical","low to mid",NA,NA,"biotic","birds, mammals","30","4","N",0.58,NA,NA,"intolerant",NA,NA,NA,NA,12.5,1.95,"Cecropia_peltata","biotic",NA,"Cecropia_peltata"
"96","Cedrela","odorata",NA,"Deciduous","2.5 to 4","20 to 25",NA,"Meliaceae","Monoecious","Tropical","low to mid",NA,NA,"abiotic",NA,NA,NA,"N",17.02,"N",NA,"intolerant",0.136666667,21.4,25,NA,3.25,22.5,"Cedrela_odorata","abiotic",NA,"Cedrela_odorata"
"97","Celtis","laevigata",NA,"Deciduous","0.6-1.3",NA,"Moderate","Ulmaceae","Polygamous","Temperate","low to mid",NA,NA,"both","birds","150","15",NA,75.71,"N",NA,"tolerant",NA,NA,NA,NA,NA,NA,"Celtis_laevigata","both",NA,"Celtis_laevigata"
"98","Celtis","occidentalis",NA,"Deciduous","0.6-1.1","6","High","Ulmaceae","Polygamous","Temperate","low to mid",NA,NA,"biotic","birds, mammals","200",NA,"Y",126.44,"N",NA,"intermediate",0.458333333,10.4,11.2,NA,NA,6,"Celtis_occidentalis","biotic",NA,"Celtis_occidentalis"
"99","Cercis","canadensis",NA,"Deciduous","5 to 10","6","High","Leguminosae","Monoecious","Temperate","low to mid",NA,"animals","both","insects, mammals","75",NA,"Y",24.6,NA,NA,"tolerant",NA,8.25,25.2,NA,7.5,6,"Cercis_canadensis","both",NA,"Cercis_canadensis"
"100","Cordia","alliodora",NA,"Evergreen","0.5 to 0.7","6",NA,"Boraginaceae","Dioecious","Tropical","low to mid",NA,"wind and animals","abiotic","birds, rodents",NA,"5","Y",30.77,NA,NA,"intolerant",NA,NA,NA,NA,0.6,6,"Cordia_alliodora","abiotic",0.612932218,"Cordia_alliodora"
"101","Cornus","florida",NA,"Deciduous","1 to 1.5","7 to 9","Moderate","Cornaceae","Monoecious","Temperate","low to mid",NA,NA,"biotic","birds, mammals","125","6","Y",101.87,"N",NA,"tolerant",0.466666667,NA,NA,NA,1.25,8,"Cornus_florida","biotic",NA,"Cornus_florida"
"102","Dacryodes","excelsa",NA,"Evergreen","1.9",NA,NA,"Burseraceae","Dioecious","Tropical","low to mid",NA,NA,NA,"birds, mammals","400",NA,"N",0.58,NA,NA,"intermediate",NA,NA,NA,NA,1.9,NA,"Dacryodes_excelsa",NA,NA,"Dacryodes_excelsa"
"103","Didymopanax","morototoni",NA,"Deciduous","0.4 to 0.9","4.7 to 5",NA,"Araliaceae","Monoecious","Tropical","low to mid",NA,"animals","biotic","birds",NA,"10","Y",14,"N",NA,"intolerant",NA,NA,NA,NA,0.65,4.85,"Didymopanax_morototoni","biotic",NA,"Schefflera_morototoni"
"104","Diospyros","virginiana",NA,"Deciduous","2 to 5","13 to 15","High","Ebenaceae","Dioecious","Temperate","low to mid",NA,NA,"biotic","insects","80","4 to 5","Y",364.57,"N",NA,"tolerant",NA,2.6,10,NA,3.5,14,"Diospyros_virginiana","biotic",NA,"Diospyros_virginiana"
"105","Eucalyptus","globulus",NA,"Evergreen","2 to 2.5","2",NA,"Myrtaceae",NA,"Temperate","low to mid",NA,NA,"abiotic",NA,"400",NA,"N",37.36,"Y","3 to 5","intolerant",NA,NA,NA,4,2.25,2,"Eucalyptus_globulus","abiotic",NA,"Eucalyptus_globulus_subsp._globulus"
"106","Eucalyptus","grandis",NA,"Evergreen","0.4 to 1","1 to 1.7",NA,"Myrtaceae",NA,"Tropical to subtropical","low",NA,"animals",NA,NA,NA,NA,"N",1.18,"N",NA,"intolerant",NA,NA,NA,NA,0.7,1.35,"Eucalyptus_grandis",NA,NA,"Eucalyptus_grandis"
"107","Eucalyptus","robusta",NA,"Evergreen","1 to 1.8","1 to 2",NA,"Myrtaceae",NA,"Tropical to subtropical","low",NA,"animals","abiotic",NA,">200",NA,"N",3.15,"N",NA,"intolerant",NA,NA,NA,NA,1.4,1.5,"Eucalyptus_robusta","abiotic",NA,"Eucalyptus_robusta"
"108","Eucalyptus","saligna",NA,"Evergreen","0.4 to 0.9","1.3",NA,"Myrtaceae",NA,"Subtropical","low to mid",NA,"animals","abiotic",NA,"200","3 to 4","N",0.79,NA,NA,"intolerant",NA,NA,NA,NA,0.65,1.3,"Eucalyptus_saligna","abiotic",NA,"Eucalyptus_saligna"
"109","Fagus","grandifolia",NA,"Deciduous","2","10 to 20","Moderate","Fagaceae","Monoecious","Temperate","low to mid",NA,NA,"biotic","birds, rodents","400","40","Y",265.74,"Y","2 to 8","tolerant",NA,NA,NA,5,2,15,"Fagus_grandifolia","biotic",1.650196564,"Fagus_grandifolia_var._caroliniana"
"110","Fraxinus","americana",NA,"Deciduous","2.5 to 4.4",NA,"Moderate","Oleaceae","Dioecious","Temperate","low to mid",NA,"wind","abiotic","birds","250","20","Y",37.3,"N",NA,"intolerant",NA,33.4,25.2,NA,3.45,NA,"Fraxinus_americana","abiotic",NA,"Fraxinus_americana"
"111","Fraxinus","latifolia",NA,"Deciduous","3 to 5",NA,"Low","Oleaceae","Dioecious","Temperate","low",NA,NA,"abiotic","birds, rodents","250","30","Y",40.96,"Y","3 to 5","intermediate",NA,NA,NA,4,4,NA,"Fraxinus_latifolia","abiotic",NA,"Fraxinus_latifolia"
"112","Fraxinus","nigra",NA,"Deciduous","2.5 to 5",NA,"Low","Oleaceae","Polygamous","Temperate","low to mid",NA,NA,"abiotic","birds, mammals","150",NA,"Y",55.28,NA,NA,"intolerant",NA,NA,NA,NA,3.75,NA,"Fraxinus_nigra","abiotic",NA,"Fraxinus_nigra"
"113","Fraxinus","pennsylvanica",NA,"Deciduous","2.5 to 7.5",NA,"High","Oleaceae","Dioecious","Temperate","low to mid",NA,NA,"abiotic","birds, mammals","250",NA,"Y",32.82,NA,NA,"tolerant",NA,NA,NA,NA,5,NA,"Fraxinus_pennsylvanica","abiotic",NA,"Fraxinus_pennsylvanica"
"114","Fraxinus","profunda",NA,"Deciduous","5 to 8",NA,"Low","Oleaceae","Dioecious","Temperate","low",NA,NA,"abiotic","birds",NA,"10",NA,142.32,NA,NA,"intermediate",NA,NA,NA,NA,6.5,NA,"Fraxinus_profunda","abiotic",NA,"Fraxinus_profunda"
"115","Gleditsia","triacanthos",NA,"Deciduous","7 to 45","8","High","Leguminosae","Polygamous","Temperate","low to mid",NA,NA,"biotic","mammals","125","10","Y",168.58,"N",NA,"intolerant",NA,2.7275,22.15,NA,26,8,"Gleditsia_triacanthos","biotic",NA,"Gleditsia_triacanthos"
"116","Gordonia","lasianthus",NA,"Evergreen","1.5 to 2","1.5","Low","Theaceae",NA,"Temperate to subtropical","low",NA,"animals","abiotic",NA,"100",NA,NA,3.51,NA,NA,"tolerant",NA,NA,NA,NA,1.75,1.5,"Gordonia_lasianthus","abiotic",NA,"Gordonia_lasianthus"
"117","Grevillea","robusta",NA,"Evergreen","1.5 to 2","10 to 13","Moderate","Proteaceae","Monoecious","Tropical to subtropical","low to mid",NA,NA,"abiotic",NA,"100","10","N",20.1,"N",NA,"intolerant",NA,NA,NA,NA,1.75,11.5,"Grevillea_robusta","abiotic",NA,"Grevillea_robusta"
"118","Halesia","carolina",NA,"Deciduous","2.4 to 5","13 to 16","Moderate","Styracaceae","Dioecious","Temperate","low to mid",NA,NA,NA,"rodents","100",NA,"Y",281.52,"N",NA,"tolerant",NA,NA,NA,NA,3.7,14.5,"Halesia_carolina",NA,NA,"Halesia_carolina"
"119","Ilex","opaca",NA,"Evergreen","0.6 to 1.3",NA,"Moderate","Aquifoliaceae","Dioecious","Temperate","low to mid",NA,"animals","biotic",NA,"100",NA,"Y",17.2,"N",NA,"tolerant",1.5,NA,NA,NA,0.95,NA,"Ilex_opaca","biotic",NA,"Ilex_opaca"
"120","Juglans","cinerea",NA,"Deciduous","3 to 6",NA,"Low","Juglandaceae","Monoecious","Temperate","low to mid",NA,NA,"biotic","insects, rodents","100","20","Y",14026.39,"Y","2 to 3","intolerant",NA,NA,NA,2.5,4.5,NA,"Juglans_cinerea","biotic",NA,"Juglans_cinerea"
"121","Juglans","nigra",NA,"Deciduous","4 to 7","30 to 40","Low","Juglandaceae","Monoecious","Temperate","low to mid",NA,NA,"both","rodents","250","4","Y",11302.54,"Y",NA,"intolerant",NA,55.8,NA,NA,5.5,35,"Juglans_nigra","gravity, rodents, mammals",NA,"Juglans_nigra"
"122","Liquidambar","styraciflua",NA,"Deciduous","2.5 to 3.8","6","Low","Hamamelidaceae","Monoecious","Tropical to subtropical","low to mid",NA,NA,"abiotic","birds, rodents","300","20","Y",5.01,"N",NA,"intolerant",0.6,NA,NA,NA,3.15,6,"Liquidambar_styraciflua","abiotic",NA,"Liquidambar_styraciflua"
"123","Liriodendron","tulipifera",NA,"Deciduous","2.5 to 3.5",NA,"Moderate","Magnoliaceae","Monoecious","Temperate","low to mid",">30","animals","abiotic","birds, rodents","450",NA,"Y",57.18,"N",NA,"intolerant",NA,NA,NA,NA,3,NA,"Liriodendron_tulipifera","abiotic",NA,"Liriodendron_tulipifera"
"124","Notholithocarpus","densiflorus","Notholithocarpus densiflorus","Evergreen","2 to 3.5",NA,NA,"Fagaceae","Monoecious","Temperate","low to mid",NA,NA,"biotic","birds, mammals, rodents","350",NA,"N",5929.5,"N",NA,"tolerant",NA,NA,NA,NA,2.75,NA,"Notholithocarpus_densiflorus","biotic",0.881165045,"Notholithocarpus_densiflorus_var._densiflorus"
"125","Maclura","pomifera",NA,"Deciduous","8 to 15","10","High","Moraceae","Dioecious","Temperate","low to mid",NA,NA,"biotic","no","150","10","Y",31.78,"N",NA,"intolerant",NA,44.5,38.2,NA,11.5,10,"Maclura_pomifera","biotic",NA,"Maclura_pomifera"
"126","Magnolia","acuminata",NA,"Deciduous","6 to 8","13","Low","Magnoliaceae","Monoecious","Temperate","mid to high","<10","animals","both","birds, rodents","250","30","Y",88.51,"Y","4 to 5","intermediate",NA,NA,NA,4.5,7,13,"Magnolia_acuminata","both",NA,"Magnolia_acuminata_var._acuminata"
"127","Magnolia","fraseri",NA,"Deciduous","6.5 to 12","7 to 10","Low","Magnoliaceae","Monoecious","Temperate","mid to high",NA,NA,"biotic",NA,NA,NA,NA,99.84,"Y","4 to 5","intermediate",NA,NA,NA,4.5,9.25,8.5,"Magnolia_fraseri","biotic",NA,"Magnolia_fraseri_var._fraseri"
"128","Magnolia","grandiflora",NA,"Evergreen","7.5 to 15","6 to 13","Moderate","Magnoliaceae","Monoecious","Temperate to subtropical","low",NA,NA,"biotic","mammals","120","10","Y",72.93,"N",NA,"tolerant",2,49.45,8.8,NA,11.25,9.5,"Magnolia_grandiflora","biotic",NA,"Magnolia_grandiflora"
"129","Magnolia","virginiana",NA,"Evergreen","3 to 5","6 to 13","Low","Magnoliaceae","Monoecious","Temperate to subtropical","low",">30","animals","both","birds, rodents","130",NA,"Y",62.3,"N",NA,"intermediate",NA,NA,NA,NA,4,9.5,"Magnolia_virginiana","both",NA,"Magnolia_virginiana_var._australis"
"130","Manilkara","bidentata",NA,"Evergreen","2.5 to 5","9 to 26","Low","Sapotaceae","Monoecious","Tropical","low to mid",NA,NA,"biotic","mammals","400",NA,"Y",1500,"Y","3 to 4","tolerant",1.744281046,NA,NA,3.5,3.75,17.5,"Manilkara_bidentata","biotic",NA,"Manilkara_bidentata"
"131","Melaleuca","quinquenervia",NA,"Evergreen","0.25 to 0.4","0.6 to 1.2","Low","Myrtaceae","Monoecious","Tropical to subtropical","low",NA,"animals","abiotic","birds, rodents",NA,NA,"N",0.26,"N",NA,"intolerant",NA,NA,NA,NA,0.325,0.9,"Melaleuca_quinquenervia","abiotic",NA,"Melaleuca_quinquenervia"
"132","Metrosideros","polymorpha",NA,"Evergreen","0.3 to 1","0.5 to 4.5",NA,"Myrtaceae",NA,"Tropical","broad",NA,"animals",NA,NA,NA,NA,"N",0.04,"N",NA,"intermediate",NA,NA,NA,NA,0.65,2.5,"Metrosideros_polymorpha",NA,NA,"Metrosideros_polymorpha_var._glaberrima"
"133","Morus","rubra",NA,"Deciduous","2 to 3",NA,"Moderate","Moraceae","Dioecious","Temperate","low to mid",NA,NA,"biotic","mammals","125","4","Y",1.48,"Y","2 to 3","tolerant",NA,37.6,25.6,2.5,2.5,NA,"Morus_rubra","biotic",NA,"Morus_rubra"
"134","Nyssa","aquatica",NA,"Deciduous","1 to 4",NA,"Low","Cornaceae","Polygamous","Temperate to subtropical","low",NA,"wind","abiotic",NA,NA,"30",NA,694.75,"N",NA,"intolerant",NA,NA,NA,NA,2.5,NA,"Nyssa_aquatica","abiotic",NA,"Nyssa_aquatica"
"135","Nyssa","ogeche",NA,"Deciduous","3 to 4",NA,"Low","Cornaceae","Polygamous","Temperate to subtropical","low",NA,"animals","both","water",NA,"3",NA,337.77,"N",NA,"intolerant",NA,8.15,5.6,NA,3.5,NA,"Nyssa_ogeche","both",NA,"Nyssa_ogeche"
"136","Nyssa","biflora","Nyssa biflora","Deciduous",NA,NA,NA,"Cornaceae","Polygamous","Temperate","low",NA,NA,"biotic","birds",NA,NA,NA,192.44,"N",NA,"tolerant",NA,NA,NA,NA,NA,NA,"Nyssa_biflora","biotic",NA,"Nyssa_biflora"
"137","Ostrya","virginiana",NA,"Deciduous","1 to 1.8",NA,"High","Betulaceae","Monoecious","Temperate","low to mid",NA,"wind","both","birds","150","25","Y",15.41,NA,NA,"tolerant",NA,NA,NA,NA,1.4,NA,"Ostrya_virginiana","both",NA,"Ostrya_virginiana"
"138","Oxydendrum","arboreum",NA,"Deciduous","0.5 to 1.3",NA,"Moderate","Ericaceae","Monoecious","Temperate","mid",NA,"animals","abiotic",NA,"200",NA,NA,0.17,NA,NA,"tolerant",NA,NA,NA,NA,0.9,NA,"Oxydendrum_arboreum","abiotic",NA,"Oxydendrum_arboreum"
"139","Paulownia","tomentosa",NA,"Deciduous","2.5 to 5.1","1.5 to 3","Moderate","Scrophulariaceae","Monoecious","Temperate","low to mid",NA,NA,"abiotic",NA,"70","8","N",0.23,NA,NA,"intolerant",NA,47.7,28.8,NA,3.8,2.25,"Paulownia_tomentosa","abiotic",NA,"Paulownia_tomentosa"
"140","Persea","borbonia","Tamala borbonia","Evergreen","0.7 to 1","0.5 to 1","Moderate","Lauraceae","Monoecious","Temperate to subtropical","low to mid",NA,"wind and animals","biotic","mammals",NA,NA,"Y",NA,"N",NA,"tolerant",NA,NA,NA,NA,0.85,0.75,"Persea_borbonia","biotic",NA,"Persea_borbonia"
"141","Samanea","saman","Samanea saman","Deciduous","10 to 22","8 to 11.5","High","Leguminosae","Monoecious","Tropical","low",NA,"animals","biotic","birds",NA,NA,"N",164.94,NA,NA,"intolerant",NA,NA,NA,NA,16,9.75,"Samanea_saman","biotic",NA,"Samanea_saman"
"142","Platanus","occidentalis",NA,"Deciduous","2.5 to 3.5","9","Low","Platanaceae","Monoecious","Temperate","low",NA,NA,"both","birds, rodents","600","25","N",2.85,"N",NA,"intermediate",NA,6.3,11.6,NA,3,9,"Platanus_occidentalis","both",NA,"Platanus_occidentalis"
"143","Populus","balsamifera",NA,"Deciduous","0.5 to 0.8","2","Low","Salicaceae","Dioecious","Temperate to boreal","mid to high",NA,"wind","abiotic","no","200","8","N",0.24,"N",NA,"intolerant",0.3,NA,NA,NA,0.65,2,"Populus_balsamifera","abiotic",NA,"Populus_balsamifera"
"144","Populus","deltoides_subsp._monilifera","Populus deltoides subsp. monilifera","Deciduous","0.8 to 1.2","4",NA,"Salicaceae","Dioecious","Temperate","low",NA,"wind","abiotic","no","200","4",NA,0.08,"N",NA,"intolerant",NA,NA,NA,NA,1,4,"Populus_deltoides_subsp._monilifera","abiotic",NA,"Populus_deltoides"
"145","Populus","grandidentata",NA,"Deciduous","0.5 to 0.8","1",NA,"Salicaceae","Dioecious","Temperate","low to mid",NA,"wind","abiotic","no","100","10","N",0.13,"Y","2 to 3","intolerant",NA,NA,NA,2.5,0.65,1,"Populus_grandidentata","abiotic",NA,"Populus_grandidentata"
"146","Populus","heterophylla",NA,"Deciduous","0.8 to 1.4",NA,"Low","Salicaceae","Dioecious","Temperate","low",NA,"wind","abiotic","no","100","10","N",3,"N",NA,"intolerant",NA,NA,NA,NA,1.1,NA,"Populus_heterophylla","abiotic",NA,"Populus_heterophylla"
"147","Populus","tremuloides",NA,"Deciduous","0.5 to 0.7","1 to 2","High","Salicaceae","Dioecious","Temperate to boreal","mid to high",NA,"wind","abiotic","no","200","2","N",0.12,"Y","4 to 5","intolerant",NA,NA,NA,4.5,0.6,1.5,"Populus_tremuloides","abiotic",NA,"Populus_tremuloides"
"148","Populus","trichocarpa","Populus tristis","Deciduous","0.5 to 0.8","2",NA,"Salicaceae","Dioecious","Temperate","low to mid",NA,NA,"abiotic","no","200","10",NA,NA,"N",NA,"intolerant",NA,NA,NA,NA,0.65,2,"Populus_trichocarpa","abiotic",NA,"Populus_trichocarpa"
"149","Neltuma","pallida","Neltuma pallida","Deciduous","7 to 25","4 to 7",NA,"Leguminosae","Monoecious","Tropical","low",NA,"animals","biotic","insects",NA,"3","Y",38.69,NA,NA,"intolerant",NA,NA,NA,NA,16,5.5,"Neltuma_pallida","biotic",NA,"Prosopis_pallida"
"150","Prunus","pensylvanica",NA,"Deciduous","0.4 to 0.8","4 to 6","High","Rosaceae","Monoecious","Temperate","mid to high",NA,"animals","biotic",NA,"40",NA,"Y",43.46,"Y","3 to 4","intolerant",NA,NA,NA,3.5,0.6,5,"Prunus_pensylvanica","biotic",NA,"Prunus_pensylvanica"
"151","Prunus","serotina",NA,"Deciduous","0.7 to 1",NA,"Moderate","Rosaceae","Monoecious","Temperate","low to mid",NA,"animals","biotic",NA,"250","10","Y",83.9,"Y","1 to 5","intolerant",0.458333333,NA,NA,3,0.85,NA,"Prunus_serotina","biotic",1.47403189,"Prunus_serotina"
"152","Quercus","alba",NA,"Deciduous","1.2 to 2.5","1.2 to 2.5","Moderate","Fagaceae","Monoecious","Temperate","low to mid",NA,NA,"both","insects, mammals, rodents","500","20","N",2996.81,"Y","4 to 10","intermediate",NA,NA,NA,7,1.85,1.85,"Quercus_alba","both",1.272280944,"Quercus_alba"
"153","Quercus","bicolor",NA,"Deciduous","2 to 3","2 to 3",NA,"Fagaceae","Monoecious","Temperate","low to mid",NA,NA,"both","birds, mammals, rodents","350","20","N",3459.14,"Y","3 to 5","intermediate",NA,NA,NA,4,2.5,2.5,"Quercus_bicolor","both",NA,"Quercus_bicolor"
"154","Quercus","chrysolepis",NA,"Evergreen","2 to 5","2 to 5","High","Fagaceae","Monoecious","Temperate","mid to high",NA,"wind","biotic",NA,"300","15","Y",3220.26,"Y","2 to 4","tolerant",NA,NA,NA,3,3.5,3.5,"Quercus_chrysolepis","biotic",1.105972549,"Quercus_chrysolepis"
"155","Quercus","coccinea",NA,"Deciduous","1.3 to 2.5","1.3 to 2.5","Moderate","Fagaceae","Monoecious","Temperate","low to mid",NA,NA,"biotic","insects","200","20","Y",1931.37,"Y","4","intolerant",NA,NA,NA,4,1.9,1.9,"Quercus_coccinea","biotic",1.753862333,"Quercus_coccinea"
"156","Quercus","douglasii",NA,"Deciduous","2.5 to 4","2.5 to 4","High","Fagaceae","Monoecious","Temperate","low to mid",NA,NA,"biotic","birds, insects, rodents","300",NA,"N",4540.46,"Y","2 to 3","intolerant",NA,NA,NA,2.5,3.25,3.25,"Quercus_douglasii","biotic",1.166924312,"Quercus_douglasii"
"157","Quercus","falcata",NA,"Deciduous","0.9 to 1.6","0.9 to 1.6",NA,"Fagaceae","Monoecious","Temperate","low",NA,NA,"biotic","rodents","150","25","Y",840.99,NA,NA,"intermediate",NA,NA,NA,NA,1.25,1.25,"Quercus_falcata","biotic",NA,"Quercus_falcata"
"158","Quercus","pagoda",NA,"Deciduous",NA,NA,NA,"Fagaceae","Monoecious","Temperate","low",NA,NA,"biotic","rodents","150","25",NA,783.03,"Y",NA,"intermediate",NA,NA,NA,NA,NA,NA,"Quercus_pagoda","biotic",NA,"Quercus_pagoda"
"159","Quercus","garryana",NA,"Deciduous","2.5 to 3","2.5 to 3","High","Fagaceae","Monoecious","Temperate","low to mid","<10",NA,"biotic","birds, rodents","500",NA,"N",4369.36,"Y",NA,"intermediate",NA,NA,NA,NA,2.75,2.75,"Quercus_garryana","biotic",0.729399227,"Quercus_garryana"
"160","Quercus","kelloggii",NA,"Deciduous","2.5 to 3.5","2.5 to 3.5","High","Fagaceae","Monoecious","Temperate","mid to high",NA,NA,NA,"birds, mammals, rodents","500","30","Y",4779.8,"Y","2 to 3","intolerant",NA,NA,NA,2.5,3,3,"Quercus_kelloggii",NA,1.136268549,"Quercus_kelloggii"
"161","Quercus","laevis",NA,"Deciduous","2.5","2.5","High","Fagaceae","Monoecious","Temperate","low",NA,NA,"biotic","mammals, rodents",NA,NA,NA,1149.66,NA,NA,"intolerant",NA,NA,NA,NA,2.5,2.5,"Quercus_laevis","biotic",2.035006015,"Quercus_laevis"
"162","Quercus","laurifolia",NA,"Deciduous","1.3 to 1.6","1.3 to 1.6","Moderate","Fagaceae","Monoecious","Temperate","low",NA,"wind","biotic","rodents","70","15",NA,810.99,"Y","3 to 4","tolerant",0.633223684,NA,NA,3.5,1.45,1.45,"Quercus_laurifolia","biotic",NA,"Quercus_laurifolia"
"163","Quercus","lyrata",NA,"Deciduous","1.3 to 2.5","1.3 to 2.5",NA,"Fagaceae","Monoecious","Temperate","low",NA,NA,"both","rodents","400","25","Y",3243.47,"Y","2 to 3","intermediate",NA,NA,NA,2.5,1.9,1.9,"Quercus_lyrata","both",NA,"Quercus_lyrata"
"164","Quercus","macrocarpa",NA,"Deciduous","2.5 to 5","2.5 to 5","High","Fagaceae","Monoecious","Temperate","low to mid",NA,NA,"both","rodents","300","35","Y",6144.8,"Y","3 to 5","intermediate",NA,NA,NA,4,3.75,3.75,"Quercus_macrocarpa","both",NA,"Quercus_macrocarpa"
"165","Quercus","michauxii",NA,"Deciduous","1.9 to 3.2","1.9 to 3.2",NA,"Fagaceae","Monoecious","Temperate","low",NA,NA,"biotic","mammals, rodents","200","20",NA,5339.96,"Y",NA,"intolerant",0.685307018,NA,NA,NA,2.55,2.55,"Quercus_michauxii","biotic",NA,"Quercus_michauxii"
"166","Quercus","muehlenbergii",NA,"Deciduous","1.3 to 2.5","1.3 to 2.5","High","Fagaceae","Monoecious","Temperate","low to mid",NA,NA,"both","birds, rodents","250",NA,NA,1192.16,"Y",NA,"intolerant",NA,NA,NA,NA,1.9,1.9,"Quercus_muehlenbergii","both",NA,"Quercus_muehlenbergii"
"167","Quercus","nigra",NA,"Deciduous","1 to 1.5","1 to 1.5","Low","Fagaceae","Monoecious","Temperate","low",NA,NA,"both","mammals","50","20","Y",1138.91,"Y",NA,"intolerant",0.718201754,NA,NA,NA,1.25,1.25,"Quercus_nigra","both",1.453203461,"Quercus_nigra"
"168","Quercus","texana","Quercus texana","Deciduous","1.9 to 3.8","1.9 to 3.8",NA,"Fagaceae","Monoecious","Temperate to subtropical","low",NA,"wind","both","rodents",NA,"20","Y",4774.65,"Y","3 to 4","intolerant",NA,NA,NA,3.5,2.85,2.85,"Quercus_texana","both",NA,"Quercus_buckleyi"
"169","Quercus","palustris",NA,"Deciduous","0.9 to 1.6","0.9 to 1.6","Low","Fagaceae","Monoecious","Temperate","low",NA,"wind","biotic","birds, rodents","150","20","Y",1087.15,"Y","3 to 4","intolerant",NA,NA,NA,3.5,1.25,1.25,"Quercus_palustris","biotic",0.74214999,"Quercus_palustris"
"170","Quercus","phellos",NA,"Deciduous","1 to 1.5","1 to 1.5","High","Fagaceae","Monoecious","Temperate","low",NA,NA,"both","mammals, rodents","150","20","Y",893.36,"N",NA,"intolerant",NA,NA,NA,NA,1.25,1.25,"Quercus_phellos","both",NA,"Quercus_phellos"
"171","Quercus","prinus","Quercus montana","Deciduous","2.5 to 3.8","2.5 to 3.8","High","Fagaceae","Monoecious","Temperate","mid",NA,"wind",NA,"birds, mammals, rodents","400","20","Y",NA,"N",NA,"intermediate",NA,NA,NA,NA,3.15,3.15,"Quercus_prinus",NA,1.775128275,"Quercus_prinus"
"172","Quercus","rubra",NA,"Deciduous","2 to 3","2 to 3","High","Fagaceae","Monoecious","Temperate","low to mid",NA,NA,"biotic",NA,"400","25","Y",3143.26,"Y","2 to 5","intermediate",NA,NA,NA,3.5,2.5,2.5,"Quercus_rubra","biotic",1.422619322,"Quercus_rubra"
"173","Quercus","shumardii",NA,"Deciduous","1.4 to 3","1.4 to 3","High","Fagaceae","Monoecious","Temperate","low",NA,NA,"biotic","birds, mammals, rodents",NA,"25","Y",4540.46,"Y","2 to 3","intolerant",0.690789474,NA,NA,2.5,2.2,2.2,"Quercus_shumardii","biotic",NA,"Quercus_shumardii"
"174","Quercus","stellata",NA,"Deciduous","1.3 to 2.5","1.3 to 2.5","High","Fagaceae","Monoecious","Temperate","low to mid",NA,NA,"biotic","birds, mammals, rodents","450","25","N",1194.83,"Y","2 to 3","intolerant",0.657894737,NA,NA,2.5,1.9,1.9,"Quercus_stellata","biotic",0.980439171,"Quercus_stellata"
"175","Quercus","velutina",NA,"Deciduous","1.2 to 2.5","1.2 to 2.5","High","Fagaceae","Monoecious","Temperate","low to mid",NA,NA,"both","birds, insects, mammals","200","20","Y",1852.46,"Y","2 to 3","intermediate",NA,NA,NA,2.5,1.85,1.85,"Quercus_velutina","both",1.236543366,"Quercus_velutina"
"176","Quercus","virginiana",NA,"Evergreen","1.2 to 2.5","1.2 to 2.5","Moderate","Fagaceae","Monoecious","Temperate to subtropical","low",NA,NA,"biotic","birds, mammals","300",NA,NA,1238.87,"N",NA,"intermediate",NA,NA,NA,NA,1.85,1.85,"Quercus_virginiana","biotic",NA,"Quercus_virginiana"
"177","Robinia","pseudoacacia",NA,"Deciduous","52900/kg",NA,"High","Leguminosae","Monoecious","Temperate","low to mid",NA,"animals",NA,"birds, rodents","100","6","Y",19.25,NA,NA,"intolerant",NA,10.8,43.2,NA,NA,NA,"Robinia_pseudoacacia",NA,NA,"Robinia_pseudoacacia"
"178","Sabal","palmetto",NA,"Evergreen",NA,NA,"High","Palmae","Monoecious","Tropical to subtropical","low","4-6 weeks","animals","both","insects",NA,NA,"Y",313.95,NA,NA,"tolerant",NA,NA,NA,NA,NA,NA,"Sabal_palmetto","both",NA,"Sabal_palmetto"
"179","Salix","nigra",NA,"Deciduous",NA,NA,"Low","Salicaceae","Dioecious","Temperate","low",NA,"wind and animals","abiotic",NA,"100","10","N",0.06,"N",NA,"intolerant",NA,NA,NA,NA,NA,NA,"Salix_nigra","abiotic",NA,"Salix_nigra"
"180","Sassafras","albidum",NA,"Deciduous",NA,NA,"High","Lauraceae","Dioecious","Temperate","low to mid",NA,NA,"both",NA,NA,"10","Y",78.53,"Y","1 to 2","intolerant",NA,NA,NA,1.5,NA,NA,"Sassafras_albidum","both",NA,"Sassafras_albidum"
"181","Tabebuia","heterophylla",NA,"Deciduous","70000/kg",NA,"High","Bignoniaceae",NA,"Tropical","low",NA,NA,"abiotic",NA,NA,NA,"N",8.92,NA,NA,"intolerant",NA,NA,NA,NA,NA,NA,"Tabebuia_heterophylla","abiotic",NA,"Tabebuia_heterophylla"
"182","Tilia","americana",NA,"Deciduous",NA,NA,"Moderate","Tiliaceae","Monoecious","Temperate","low to mid",NA,"animals","both","rodents","200","15","Y",108.14,NA,NA,"tolerant",NA,NA,NA,NA,NA,NA,"Tilia_americana","both",NA,"Tilia_americana"
"183","Tilia","heterophylla",NA,"Deciduous",NA,NA,NA,"Tiliaceae",NA,"Temperate","low to mid",NA,"animals","abiotic",NA,NA,NA,"Y",NA,NA,NA,"tolerant",NA,NA,NA,NA,NA,NA,"Tilia_heterophylla","abiotic",NA,NA
"184","Ulmus","alata",NA,"Deciduous",NA,NA,"High","Ulmaceae",NA,"Temperate","low to mid",NA,NA,"abiotic","birds, mammals","100",NA,NA,4,NA,NA,"intolerant",NA,NA,NA,NA,NA,NA,"Ulmus_alata","abiotic",NA,"Ulmus_alata"
"185","Ulmus","americana",NA,"Deciduous","2","3.5 to 4.5","High","Ulmaceae","Monoecious","Temperate","low",NA,"wind","abiotic","mammals","400","15","N",5.04,"N",NA,"intermediate",NA,25.6,NA,NA,2,4,"Ulmus_americana","abiotic",NA,"Ulmus_americana"
"186","Ulmus","crassifolia",NA,"Deciduous","0.6 to 1.3",NA,"High","Ulmaceae",NA,"Temperate","low to mid",NA,NA,"abiotic","birds","100",NA,"Y",6.27,NA,NA,"intermediate",NA,NA,NA,NA,0.95,NA,"Ulmus_crassifolia","abiotic",NA,"Ulmus_crassifolia"
"187","Ulmus","rubra",NA,"Deciduous","1.2 to 1.8",NA,"High","Ulmaceae","Monoecious","Temperate","low to mid",NA,NA,"abiotic","birds, mammals","200","15","Y",9.98,"Y","2 to 4","tolerant",NA,NA,NA,3,1.5,NA,"Ulmus_rubra","abiotic",NA,"Ulmus_rubra"
"188","Ulmus","serotina",NA,"Deciduous","1 to 1.3",NA,"Moderate","Ulmaceae",NA,"Temperate","low to mid",NA,"wind","abiotic","birds, mammals",NA,NA,"Y",3.01,"Y","2 to 3","tolerant",NA,NA,NA,2.5,1.15,NA,"Ulmus_serotina","abiotic",NA,"Ulmus_serotina"
"189","Ulmus","thomasii",NA,"Deciduous","1 to 1.5",NA,NA,"Ulmaceae",NA,"Temperate","low to mid",NA,"wind","both","birds, mammals, rodents","300","20",NA,60.5,"Y","3 to 4","tolerant",NA,NA,NA,3.5,1.25,NA,"Ulmus_thomasii","both",NA,"Ulmus_thomasii"
"190","Umbellularia","californica",NA,"Evergreen","1 to 2.5","15","High","Lauraceae","Monoecious","Temperate","low to mid",NA,"animals","both","birds, rodents","200","30 to 40","Y",1801.29,"N",NA,"tolerant",NA,NA,NA,NA,1.75,15,"Umbellularia_californica","both",NA,"Umbellularia_californica"
